D:\.1 Work Stations\RootMC\Mobile App Files\rootmc-android\app\build\intermediates\module_bundle\release\buildReleasePreBundle\base.zip
D:\.1 Work Stations\RootMC\Plugin Building\Minecraft\resource-packs\rootmc-ui.zip
D:\.1 Work Stations\RootMC\Plugin Building\Minecraft\server\host-handoff-rootmc-plugins.zip
D:\.1 Work Stations\RootMC\Server Live Backups\1. RootMC - Claims\plugins\mcMMO\backup\2026-07-24 01-13-12.zip
D:\.1 Work Stations\RootMC\Server Live Backups\1. RootMC - Claims\plugins\mcMMO\backup\2026-07-24 01-27-13.zip
D:\.1 Work Stations\RootMC\Server Live Backups\1. RootMC - Claims\plugins\mcMMO\backup\2026-07-24 10-00-04.zip
D:\.1 Work Stations\RootMC\Server Live Backups\1. RootMC - Claims\plugins\mcMMO\backup\2026-07-24 20-01-13.zip
D:\.1 Work Stations\RootMC\Server Live Backups\1. RootMC - Claims\plugins\mcMMO\backup\2026-07-24 20-02-19.zip
D:\.1 Work Stations\RootMC\Server Live Backups\1. RootMC - Claims\plugins\mcMMO\backup\2026-07-24 20-03-24.zip
D:\.1 Work Stations\RootMC\Server Live Backups\1. RootMC - Claims\plugins\mcMMO\backup\2026-07-24 20-04-28.zip
D:\.1 Work Stations\RootMC\Server Live Backups\1. RootMC - Claims\plugins\mcMMO\backup\2026-07-24 20-05-32.zip
D:\.1 Work Stations\RootMC\Server Live Backups\1. RootMC - Claims\plugins\mcMMO\backup\2026-07-24 20-06-37.zip
D:\.1 Work Stations\RootMC\Server Live Backups\1. RootMC - Claims\plugins\mcMMO\backup\2026-07-24 20-07-41.zip
D:\.1 Work Stations\RootMC\Server Live Backups\1. RootMC - Claims\plugins\mcMMO\backup\2026-07-24 20-08-45.zip
D:\.1 Work Stations\RootMC\Server Live Backups\1. RootMC - Claims\plugins\mcMMO\backup\2026-07-24 20-09-49.zip
D:\.1 Work Stations\RootMC\Server Live Backups\1. RootMC - Claims\plugins\mcMMO\backup\2026-07-24 20-10-54.zip
D:\.1 Work Stations\RootMC\Server Live Backups\1. RootMC - Claims\plugins\mcMMO\backup\2026-07-24 20-11-59.zip
D:\.1 Work Stations\RootMC\Server Live Backups\1. RootMC - Claims\plugins\mcMMO\backup\2026-07-24 20-13-03.zip
D:\.1 Work Stations\RootMC\Server Live Backups\1. RootMC - Claims\plugins\mcMMO\backup\2026-07-24 20-14-08.zip
D:\.1 Work Stations\RootMC\Server Live Backups\1. RootMC - Claims\plugins\mcMMO\backup\2026-07-24 20-15-11.zip
D:\.1 Work Stations\RootMC\Server Live Backups\1. RootMC - Claims\plugins\mcMMO\backup\2026-07-24 20-16-16.zip
D:\.1 Work Stations\RootMC\Server Live Backups\1. RootMC - Claims\plugins\mcMMO\backup\2026-07-24 20-17-20.zip
D:\.1 Work Stations\RootMC\Server Live Backups\1. RootMC - Claims\plugins\mcMMO\backup\2026-07-24 20-18-24.zip
D:\.1 Work Stations\RootMC\Server Live Backups\1. RootMC - Claims\plugins\mcMMO\backup\2026-07-24 20-19-29.zip
D:\.1 Work Stations\RootMC\Server Live Backups\1. RootMC - Claims\plugins\mcMMO\backup\2026-07-24 20-20-43.zip
D:\.1 Work Stations\RootMC\Server Live Backups\1. RootMC - Claims\plugins\mcMMO\backup\2026-07-24 20-21-48.zip
D:\.1 Work Stations\RootMC\Server Live Backups\1. RootMC - Claims\plugins\mcMMO\backup\2026-07-24 20-22-53.zip
D:\.1 Work Stations\RootMC\Server Live Backups\1. RootMC - Claims\plugins\mcMMO\backup\2026-07-24 20-23-59.zip
D:\.1 Work Stations\RootMC\Server Live Backups\1. RootMC - Claims\plugins\mcMMO\backup\2026-07-24 20-25-04.zip
D:\.1 Work Stations\RootMC\Server Live Backups\1. RootMC - Claims\plugins\mcMMO\backup\2026-07-24 20-26-08.zip
D:\.1 Work Stations\RootMC\Server Live Backups\1. RootMC - Claims\plugins\mcMMO\backup\2026-07-24 20-27-13.zip
D:\.1 Work Stations\RootMC\Server Live Backups\1. RootMC - Claims\plugins\mcMMO\backup\2026-07-24 20-28-18.zip
D:\.1 Work Stations\RootMC\Server Live Backups\1. RootMC - Claims\plugins\mcMMO\backup\2026-07-24 20-29-22.zip
D:\.1 Work Stations\RootMC\Server Live Backups\1. RootMC - Claims\plugins\mcMMO\backup\2026-07-24 20-30-28.zip
D:\.1 Work Stations\RootMC\Server Live Backups\1. RootMC - Claims\plugins\mcMMO\backup\2026-07-24 20-31-34.zip
D:\.1 Work Stations\RootMC\Server Live Backups\1. RootMC - Claims\plugins\mcMMO\backup\2026-07-24 20-32-40.zip
D:\.1 Work Stations\RootMC\Server Live Backups\1. RootMC - Claims\plugins\mcMMO\backup\2026-07-24 20-33-47.zip
D:\.1 Work Stations\RootMC\Server Live Backups\1. RootMC - Claims\plugins\mcMMO\backup\2026-07-24 20-34-52.zip
D:\.1 Work Stations\RootMC\Server Live Backups\1. RootMC - Claims\plugins\mcMMO\backup\2026-07-24 20-35-57.zip
D:\.1 Work Stations\RootMC\Server Live Backups\1. RootMC - Claims\plugins\mcMMO\backup\2026-07-24 20-37-02.zip
D:\.1 Work Stations\RootMC\Server Live Backups\1. RootMC - Claims\plugins\mcMMO\backup\2026-07-24 20-38-07.zip
D:\.1 Work Stations\RootMC\Server Live Backups\1. RootMC - Claims\plugins\mcMMO\backup\2026-07-24 20-39-12.zip
D:\.1 Work Stations\RootMC\Server Live Backups\1. RootMC - Claims\plugins\mcMMO\backup\2026-07-24 20-40-17.zip
D:\.1 Work Stations\RootMC\Server Live Backups\1. RootMC - Claims\plugins\mcMMO\backup\2026-07-25 01-04-19.zip
D:\.1 Work Stations\RootMC\Server Live Backups\1. RootMC - Claims\plugins\mcMMO\backup\2026-07-25 01-18-21.zip
D:\.1 Work Stations\RootMC\Server Live Backups\1. RootMC - Claims\plugins\mcMMO\backup\2026-07-25 01-37-15.zip
D:\.1 Work Stations\RootMC\Server Live Backups\1. RootMC - Claims\plugins\mcMMO\backup\2026-07-25 01-37-51.zip
D:\.1 Work Stations\RootMC\Server Live Backups\1. RootMC - Claims\plugins\mcMMO\backup\2026-07-25 02-39-55.zip
D:\.1 Work Stations\RootMC\Server Live Backups\1. RootMC - Claims\plugins\mcMMO\backup\2026-07-25 02-59-17.zip
D:\.1 Work Stations\RootMC\Server Live Backups\1. RootMC - Claims\plugins\mcMMO\backup\2026-07-25 03-04-32.zip
D:\.1 Work Stations\RootMC\Server Live Backups\1. RootMC - Claims\plugins\mcMMO\backup\2026-07-25 03-22-37.zip
D:\.1 Work Stations\RootMC\Server Live Backups\1. RootMC - Claims\plugins\mcMMO\backup\2026-07-25 03-37-12.zip
D:\.1 Work Stations\RootMC\Server Live Backups\1. RootMC - Claims\plugins\mcMMO\backup\2026-07-25 04-10-33.zip
D:\.1 Work Stations\RootMC\Server Live Backups\1. RootMC - Claims\plugins\mcMMO\backup\2026-07-26 09-56-22.zip
D:\.1 Work Stations\RootMC\Server Live Backups\1. RootMC - Claims\plugins\mcMMO\backup\2026-07-26 12-10-29.zip
D:\.1 Work Stations\RootMC\Server Live Backups\1. RootMC - Claims\plugins\mcMMO\backup\2026-07-27 02-22-24.zip
D:\.1 Work Stations\RootMC\Server Live Backups\1. RootMC - Claims\plugins\mcMMO\backup\2026-07-28 03-20-01.zip
D:\.1 Work Stations\RootMC\Server Live Backups\1. RootMC - Claims\plugins\mcMMO\backup\2026-07-29 06-02-31.zip
D:\.1 Work Stations\RootMC\Server Live Backups\1. RootMC - Claims\plugins\mcMMO\backup\2026-07-30 12-39-32.zip
D:\.1 Work Stations\RootMC\Server Live Backups\1. RootMC - Claims\plugins\mcMMO\backup\2026-07-31 12-52-42.zip
D:\.1 Work Stations\RootMC\Server Live Backups\1. RootMC - Claims\plugins\mcMMO\backup\2026-08-01 03-53-49.zip
D:\.1 Work Stations\RootMC\Server Live Backups\1. RootMC - Claims\plugins\mcMMO\backup\2026-08-01 06-54-58.zip
D:\.1 Work Stations\RootMC\Server Live Backups\1. RootMC - Claims\plugins\mcMMO\backup\2026-08-01 07-16-35.zip
D:\.1 Work Stations\RootMC\Server Live Backups\1. RootMC - Claims\plugins\mcMMO\backup\2026-08-01 08-17-43.zip
D:\.1 Work Stations\RootMC\Server Live Backups\1. RootMC - Claims\plugins\mcMMO\backup\2026-08-01 10-00-04.zip
D:\.1 Work Stations\RootMC\Server Live Backups\1. RootMC - Claims\plugins\mcMMO\backup\2026-08-01 22-27-15.zip
D:\.1 Work Stations\RootMC\Server Live Backups\1. RootMC - Claims\plugins\mcMMO\backup\2026-08-01 23-52-24.zip
D:\.1 Work Stations\RootMC\Server Live Backups\2. RootMC - Towny\bluemap\resourceExtensions.zip
D:\.1 Work Stations\RootMC\Server Live Backups\2. RootMC - Towny\plugins\mcMMO\backup\2026-06-06 07-15-41.zip
D:\.1 Work Stations\RootMC\Server Live Backups\2. RootMC - Towny\plugins\mcMMO\backup\2026-06-11 04-10-44.zip
D:\.1 Work Stations\RootMC\Server Live Backups\2. RootMC - Towny\plugins\mcMMO\backup\2026-06-17 04-30-01.zip
D:\.1 Work Stations\RootMC\Server Live Backups\2. RootMC - Towny\plugins\mcMMO\backup\2026-06-25 06-33-14.zip
D:\.1 Work Stations\RootMC\Server Live Backups\2. RootMC - Towny\plugins\mcMMO\backup\2026-07-01 21-01-48.zip
D:\.1 Work Stations\RootMC\Server Live Backups\2. RootMC - Towny\plugins\mcMMO\backup\2026-07-05 01-42-24.zip
D:\.1 Work Stations\RootMC\Server Live Backups\2. RootMC - Towny\plugins\mcMMO\backup\2026-07-15 03-44-19.zip
D:\.1 Work Stations\RootMC\Server Live Backups\2. RootMC - Towny\plugins\mcMMO\backup\2026-07-18 20-22-34.zip
D:\.1 Work Stations\RootMC\Server Live Backups\2. RootMC - Towny\plugins\mcMMO\backup\2026-07-19 22-14-52.zip
D:\.1 Work Stations\RootMC\Server Live Backups\2. RootMC - Towny\plugins\mcMMO\backup\2026-07-20 07-27-59.zip
D:\.1 Work Stations\RootMC\Server Live Backups\2. RootMC - Towny\plugins\mcMMO\backup\2026-07-21 04-12-51.zip
D:\.1 Work Stations\RootMC\Server Live Backups\2. RootMC - Towny\plugins\mcMMO\backup\2026-07-22 07-20-59.zip
D:\.1 Work Stations\RootMC\Server Live Backups\2. RootMC - Towny\plugins\mcMMO\backup\2026-07-23 07-07-07.zip
D:\.1 Work Stations\RootMC\Server Live Backups\2. RootMC - Towny\plugins\mcMMO\backup\2026-07-23 21-58-56.zip
D:\.1 Work Stations\RootMC\Server Live Backups\2. RootMC - Towny\plugins\mcMMO\backup\2026-07-24 01-52-56.zip
D:\.1 Work Stations\RootMC\Server Live Backups\2. RootMC - Towny\plugins\mcMMO\backup\2026-07-24 10-00-01.zip
D:\.1 Work Stations\RootMC\Server Live Backups\2. RootMC - Towny\plugins\mcMMO\backup\2026-07-24 20-01-24.zip
D:\.1 Work Stations\RootMC\Server Live Backups\2. RootMC - Towny\plugins\mcMMO\backup\2026-07-24 20-02-53.zip
D:\.1 Work Stations\RootMC\Server Live Backups\2. RootMC - Towny\plugins\mcMMO\backup\2026-07-24 20-04-16.zip
D:\.1 Work Stations\RootMC\Server Live Backups\2. RootMC - Towny\plugins\mcMMO\backup\2026-07-24 20-05-43.zip
D:\.1 Work Stations\RootMC\Server Live Backups\2. RootMC - Towny\plugins\mcMMO\backup\2026-07-24 20-07-03.zip
D:\.1 Work Stations\RootMC\Server Live Backups\2. RootMC - Towny\plugins\mcMMO\backup\2026-07-24 20-08-30.zip
D:\.1 Work Stations\RootMC\Server Live Backups\2. RootMC - Towny\plugins\mcMMO\backup\2026-07-24 20-09-51.zip
D:\.1 Work Stations\RootMC\Server Live Backups\2. RootMC - Towny\plugins\mcMMO\backup\2026-07-24 20-11-17.zip
D:\.1 Work Stations\RootMC\Server Live Backups\2. RootMC - Towny\plugins\mcMMO\backup\2026-07-24 20-12-40.zip
D:\.1 Work Stations\RootMC\Server Live Backups\2. RootMC - Towny\plugins\mcMMO\backup\2026-07-24 20-14-02.zip
D:\.1 Work Stations\RootMC\Server Live Backups\2. RootMC - Towny\plugins\mcMMO\backup\2026-07-24 20-15-26.zip
D:\.1 Work Stations\RootMC\Server Live Backups\2. RootMC - Towny\plugins\mcMMO\backup\2026-07-24 20-16-48.zip
D:\.1 Work Stations\RootMC\Server Live Backups\2. RootMC - Towny\plugins\mcMMO\backup\2026-07-24 20-18-15.zip
D:\.1 Work Stations\RootMC\Server Live Backups\2. RootMC - Towny\plugins\mcMMO\backup\2026-07-24 20-19-39.zip
D:\.1 Work Stations\RootMC\Server Live Backups\2. RootMC - Towny\plugins\mcMMO\backup\2026-07-24 20-21-05.zip
D:\.1 Work Stations\RootMC\Server Live Backups\2. RootMC - Towny\plugins\mcMMO\backup\2026-07-24 20-22-29.zip
D:\.1 Work Stations\RootMC\Server Live Backups\2. RootMC - Towny\plugins\mcMMO\backup\2026-07-24 20-23-52.zip
D:\.1 Work Stations\RootMC\Server Live Backups\2. RootMC - Towny\plugins\mcMMO\backup\2026-07-24 20-25-16.zip
D:\.1 Work Stations\RootMC\Server Live Backups\2. RootMC - Towny\plugins\mcMMO\backup\2026-07-24 20-26-41.zip
D:\.1 Work Stations\RootMC\Server Live Backups\2. RootMC - Towny\plugins\mcMMO\backup\2026-07-24 20-28-06.zip
D:\.1 Work Stations\RootMC\Server Live Backups\2. RootMC - Towny\plugins\mcMMO\backup\2026-07-24 20-29-29.zip
D:\.1 Work Stations\RootMC\Server Live Backups\2. RootMC - Towny\plugins\mcMMO\backup\2026-07-24 20-30-53.zip
D:\.1 Work Stations\RootMC\Server Live Backups\2. RootMC - Towny\plugins\mcMMO\backup\2026-07-24 20-32-13.zip
D:\.1 Work Stations\RootMC\Server Live Backups\2. RootMC - Towny\plugins\mcMMO\backup\2026-07-24 20-33-37.zip
D:\.1 Work Stations\RootMC\Server Live Backups\2. RootMC - Towny\plugins\mcMMO\backup\2026-07-24 20-35-04.zip
D:\.1 Work Stations\RootMC\Server Live Backups\2. RootMC - Towny\plugins\mcMMO\backup\2026-07-24 20-36-26.zip
D:\.1 Work Stations\RootMC\Server Live Backups\2. RootMC - Towny\plugins\mcMMO\backup\2026-07-24 23-50-25.zip
D:\.1 Work Stations\RootMC\Server Live Backups\2. RootMC - Towny\plugins\mcMMO\backup\2026-07-25 01-37-31.zip
D:\.1 Work Stations\RootMC\Server Live Backups\2. RootMC - Towny\plugins\mcMMO\backup\2026-07-25 02-39-42.zip
D:\.1 Work Stations\RootMC\Server Live Backups\2. RootMC - Towny\plugins\mcMMO\backup\2026-07-25 03-00-26.zip
D:\.1 Work Stations\RootMC\Server Live Backups\2. RootMC - Towny\plugins\mcMMO\backup\2026-07-25 03-37-11.zip
D:\.1 Work Stations\RootMC\Server Live Backups\2. RootMC - Towny\plugins\mcMMO\backup\2026-07-25 03-39-53.zip
D:\.1 Work Stations\RootMC\Server Live Backups\2. RootMC - Towny\plugins\mcMMO\backup\2026-07-25 04-10-46.zip
D:\.1 Work Stations\RootMC\Server Live Backups\2. RootMC - Towny\plugins\mcMMO\backup\2026-07-26 00-10-00.zip
D:\.1 Work Stations\RootMC\Server Live Backups\2. RootMC - Towny\plugins\mcMMO\backup\2026-07-26 00-11-17.zip
D:\.1 Work Stations\RootMC\Server Live Backups\2. RootMC - Towny\plugins\mcMMO\backup\2026-07-26 02-13-40.zip
D:\.1 Work Stations\RootMC\Server Live Backups\2. RootMC - Towny\plugins\mcMMO\backup\2026-07-26 03-32-55.zip
D:\.1 Work Stations\RootMC\Server Live Backups\2. RootMC - Towny\plugins\mcMMO\backup\2026-07-26 04-08-49.zip
D:\.1 Work Stations\RootMC\Server Live Backups\2. RootMC - Towny\plugins\mcMMO\backup\2026-07-26 04-11-21.zip
D:\.1 Work Stations\RootMC\Server Live Backups\2. RootMC - Towny\plugins\mcMMO\backup\2026-07-26 05-11-56.zip
D:\.1 Work Stations\RootMC\Server Live Backups\2. RootMC - Towny\plugins\mcMMO\backup\2026-07-26 06-13-22.zip
D:\.1 Work Stations\RootMC\Server Live Backups\2. RootMC - Towny\plugins\mcMMO\backup\2026-07-26 06-14-40.zip
D:\.1 Work Stations\RootMC\Server Live Backups\2. RootMC - Towny\plugins\mcMMO\backup\2026-07-26 06-16-00.zip
D:\.1 Work Stations\RootMC\Server Live Backups\2. RootMC - Towny\plugins\mcMMO\backup\2026-07-26 06-17-19.zip
D:\.1 Work Stations\RootMC\Server Live Backups\2. RootMC - Towny\plugins\mcMMO\backup\2026-07-26 06-18-40.zip
D:\.1 Work Stations\RootMC\Server Live Backups\2. RootMC - Towny\plugins\mcMMO\backup\2026-07-26 06-19-58.zip
D:\.1 Work Stations\RootMC\Server Live Backups\2. RootMC - Towny\plugins\mcMMO\backup\2026-07-26 06-21-16.zip
D:\.1 Work Stations\RootMC\Server Live Backups\2. RootMC - Towny\plugins\mcMMO\backup\2026-07-26 06-22-36.zip
D:\.1 Work Stations\RootMC\Server Live Backups\2. RootMC - Towny\plugins\mcMMO\backup\2026-07-26 06-23-54.zip
D:\.1 Work Stations\RootMC\Server Live Backups\2. RootMC - Towny\plugins\mcMMO\backup\2026-07-26 06-25-14.zip
D:\.1 Work Stations\RootMC\Server Live Backups\2. RootMC - Towny\plugins\mcMMO\backup\2026-07-26 06-26-31.zip
D:\.1 Work Stations\RootMC\Server Live Backups\2. RootMC - Towny\plugins\mcMMO\backup\2026-07-26 06-27-51.zip
D:\.1 Work Stations\RootMC\Server Live Backups\2. RootMC - Towny\plugins\mcMMO\backup\2026-07-26 06-29-10.zip
D:\.1 Work Stations\RootMC\Server Live Backups\2. RootMC - Towny\plugins\mcMMO\backup\2026-07-26 06-30-29.zip
D:\.1 Work Stations\RootMC\Server Live Backups\2. RootMC - Towny\plugins\mcMMO\backup\2026-07-26 06-31-48.zip
D:\.1 Work Stations\RootMC\Server Live Backups\2. RootMC - Towny\plugins\mcMMO\backup\2026-07-26 06-33-05.zip
D:\.1 Work Stations\RootMC\Server Live Backups\2. RootMC - Towny\plugins\mcMMO\backup\2026-07-26 06-34-26.zip
D:\.1 Work Stations\RootMC\Server Live Backups\2. RootMC - Towny\plugins\mcMMO\backup\2026-07-26 06-35-46.zip
D:\.1 Work Stations\RootMC\Server Live Backups\2. RootMC - Towny\plugins\mcMMO\backup\2026-07-26 06-37-04.zip
D:\.1 Work Stations\RootMC\Server Live Backups\2. RootMC - Towny\plugins\mcMMO\backup\2026-07-26 06-38-23.zip
D:\.1 Work Stations\RootMC\Server Live Backups\2. RootMC - Towny\plugins\mcMMO\backup\2026-07-26 06-39-40.zip
D:\.1 Work Stations\RootMC\Server Live Backups\2. RootMC - Towny\plugins\mcMMO\backup\2026-07-26 06-41-01.zip
D:\.1 Work Stations\RootMC\Server Live Backups\2. RootMC - Towny\plugins\mcMMO\backup\2026-07-26 06-42-17.zip
D:\.1 Work Stations\RootMC\Server Live Backups\2. RootMC - Towny\plugins\mcMMO\backup\2026-07-26 06-43-38.zip
D:\.1 Work Stations\RootMC\Server Live Backups\2. RootMC - Towny\plugins\mcMMO\backup\2026-07-26 06-44-57.zip
D:\.1 Work Stations\RootMC\Server Live Backups\2. RootMC - Towny\plugins\mcMMO\backup\2026-07-26 06-46-16.zip
D:\.1 Work Stations\RootMC\Server Live Backups\2. RootMC - Towny\plugins\mcMMO\backup\2026-07-26 06-47-37.zip
D:\.1 Work Stations\RootMC\Server Live Backups\2. RootMC - Towny\plugins\mcMMO\backup\2026-07-26 06-48-56.zip
D:\.1 Work Stations\RootMC\Server Live Backups\2. RootMC - Towny\plugins\mcMMO\backup\2026-07-26 06-50-17.zip
D:\.1 Work Stations\RootMC\Server Live Backups\2. RootMC - Towny\plugins\mcMMO\backup\2026-07-26 06-51-36.zip
D:\.1 Work Stations\RootMC\Server Live Backups\2. RootMC - Towny\plugins\mcMMO\backup\2026-07-26 06-52-54.zip
D:\.1 Work Stations\RootMC\Server Live Backups\2. RootMC - Towny\plugins\mcMMO\backup\2026-07-26 06-54-12.zip
D:\.1 Work Stations\RootMC\Server Live Backups\2. RootMC - Towny\plugins\mcMMO\backup\2026-07-26 06-55-30.zip
D:\.1 Work Stations\RootMC\Server Live Backups\2. RootMC - Towny\plugins\mcMMO\backup\2026-07-26 06-56-49.zip
D:\.1 Work Stations\RootMC\Server Live Backups\2. RootMC - Towny\plugins\mcMMO\backup\2026-07-26 06-58-07.zip
D:\.1 Work Stations\RootMC\Server Live Backups\2. RootMC - Towny\plugins\mcMMO\backup\2026-07-26 06-59-26.zip
D:\.1 Work Stations\RootMC\Server Live Backups\2. RootMC - Towny\plugins\mcMMO\backup\2026-07-26 07-00-44.zip
D:\.1 Work Stations\RootMC\Server Live Backups\2. RootMC - Towny\plugins\mcMMO\backup\2026-07-26 07-02-02.zip
D:\.1 Work Stations\RootMC\Server Live Backups\2. RootMC - Towny\plugins\mcMMO\backup\2026-07-26 07-03-21.zip
D:\.1 Work Stations\RootMC\Server Live Backups\2. RootMC - Towny\plugins\mcMMO\backup\2026-07-26 07-04-43.zip
D:\.1 Work Stations\RootMC\Server Live Backups\2. RootMC - Towny\plugins\mcMMO\backup\2026-07-26 07-06-04.zip
D:\.1 Work Stations\RootMC\Server Live Backups\2. RootMC - Towny\plugins\mcMMO\backup\2026-07-26 07-07-22.zip
D:\.1 Work Stations\RootMC\Server Live Backups\2. RootMC - Towny\plugins\mcMMO\backup\2026-07-26 07-08-42.zip
D:\.1 Work Stations\RootMC\Server Live Backups\2. RootMC - Towny\plugins\mcMMO\backup\2026-07-26 07-10-01.zip
D:\.1 Work Stations\RootMC\Server Live Backups\2. RootMC - Towny\plugins\mcMMO\backup\2026-07-26 07-11-18.zip
D:\.1 Work Stations\RootMC\Server Live Backups\2. RootMC - Towny\plugins\mcMMO\backup\2026-07-26 07-12-40.zip
D:\.1 Work Stations\RootMC\Server Live Backups\2. RootMC - Towny\plugins\mcMMO\backup\2026-07-26 07-13-57.zip
D:\.1 Work Stations\RootMC\Server Live Backups\2. RootMC - Towny\plugins\mcMMO\backup\2026-07-26 07-15-17.zip
D:\.1 Work Stations\RootMC\Server Live Backups\2. RootMC - Towny\plugins\mcMMO\backup\2026-07-26 07-16-35.zip
D:\.1 Work Stations\RootMC\Server Live Backups\2. RootMC - Towny\plugins\mcMMO\backup\2026-07-26 07-17-54.zip
D:\.1 Work Stations\RootMC\Server Live Backups\2. RootMC - Towny\plugins\mcMMO\backup\2026-07-26 07-19-14.zip
D:\.1 Work Stations\RootMC\Server Live Backups\2. RootMC - Towny\plugins\mcMMO\backup\2026-07-26 07-20-30.zip
D:\.1 Work Stations\RootMC\Server Live Backups\2. RootMC - Towny\plugins\mcMMO\backup\2026-07-26 07-21-50.zip
D:\.1 Work Stations\RootMC\Server Live Backups\2. RootMC - Towny\plugins\mcMMO\backup\2026-07-26 07-23-06.zip
D:\.1 Work Stations\RootMC\Server Live Backups\2. RootMC - Towny\plugins\mcMMO\backup\2026-07-26 07-24-25.zip
D:\.1 Work Stations\RootMC\Server Live Backups\2. RootMC - Towny\plugins\mcMMO\backup\2026-07-26 07-25-44.zip
D:\.1 Work Stations\RootMC\Server Live Backups\2. RootMC - Towny\plugins\mcMMO\backup\2026-07-26 07-27-00.zip
D:\.1 Work Stations\RootMC\Server Live Backups\2. RootMC - Towny\plugins\mcMMO\backup\2026-07-26 07-28-20.zip
D:\.1 Work Stations\RootMC\Server Live Backups\2. RootMC - Towny\plugins\mcMMO\backup\2026-07-26 07-29-38.zip
D:\.1 Work Stations\RootMC\Server Live Backups\2. RootMC - Towny\plugins\mcMMO\backup\2026-07-26 07-30-57.zip
D:\.1 Work Stations\RootMC\Server Live Backups\2. RootMC - Towny\plugins\mcMMO\backup\2026-07-26 07-32-16.zip
D:\.1 Work Stations\RootMC\Server Live Backups\2. RootMC - Towny\plugins\mcMMO\backup\2026-07-26 07-33-34.zip
D:\.1 Work Stations\RootMC\Server Live Backups\2. RootMC - Towny\plugins\mcMMO\backup\2026-07-26 07-34-53.zip
D:\.1 Work Stations\RootMC\Server Live Backups\2. RootMC - Towny\plugins\mcMMO\backup\2026-07-26 07-36-09.zip
D:\.1 Work Stations\RootMC\Server Live Backups\2. RootMC - Towny\plugins\mcMMO\backup\2026-07-26 07-37-29.zip
D:\.1 Work Stations\RootMC\Server Live Backups\2. RootMC - Towny\plugins\mcMMO\backup\2026-07-26 07-38-46.zip
D:\.1 Work Stations\RootMC\Server Live Backups\2. RootMC - Towny\plugins\mcMMO\backup\2026-07-26 07-40-04.zip
D:\.1 Work Stations\RootMC\Server Live Backups\2. RootMC - Towny\plugins\mcMMO\backup\2026-07-26 07-41-22.zip
D:\.1 Work Stations\RootMC\Server Live Backups\2. RootMC - Towny\plugins\mcMMO\backup\2026-07-26 07-42-39.zip
D:\.1 Work Stations\RootMC\Server Live Backups\2. RootMC - Towny\plugins\mcMMO\backup\2026-07-26 07-43-58.zip
D:\.1 Work Stations\RootMC\Server Live Backups\2. RootMC - Towny\plugins\mcMMO\backup\2026-07-26 07-45-16.zip
D:\.1 Work Stations\RootMC\Server Live Backups\2. RootMC - Towny\plugins\mcMMO\backup\2026-07-26 07-46-34.zip
D:\.1 Work Stations\RootMC\Server Live Backups\2. RootMC - Towny\plugins\mcMMO\backup\2026-07-26 07-47-52.zip
D:\.1 Work Stations\RootMC\Server Live Backups\2. RootMC - Towny\plugins\mcMMO\backup\2026-07-26 07-49-08.zip
D:\.1 Work Stations\RootMC\Server Live Backups\2. RootMC - Towny\plugins\mcMMO\backup\2026-07-26 07-50-27.zip
D:\.1 Work Stations\RootMC\Server Live Backups\2. RootMC - Towny\plugins\mcMMO\backup\2026-07-26 07-51-45.zip
D:\.1 Work Stations\RootMC\Server Live Backups\2. RootMC - Towny\plugins\mcMMO\backup\2026-07-26 07-53-04.zip
D:\.1 Work Stations\RootMC\Server Live Backups\2. RootMC - Towny\plugins\mcMMO\backup\2026-07-26 07-54-21.zip
D:\.1 Work Stations\RootMC\Server Live Backups\2. RootMC - Towny\plugins\mcMMO\backup\2026-07-26 07-55-37.zip
D:\.1 Work Stations\RootMC\Server Live Backups\2. RootMC - Towny\plugins\mcMMO\backup\2026-07-26 07-56-55.zip
D:\.1 Work Stations\RootMC\Server Live Backups\2. RootMC - Towny\plugins\mcMMO\backup\2026-07-26 07-58-12.zip
D:\.1 Work Stations\RootMC\Server Live Backups\2. RootMC - Towny\plugins\mcMMO\backup\2026-07-26 07-59-30.zip
D:\.1 Work Stations\RootMC\Server Live Backups\2. RootMC - Towny\plugins\mcMMO\backup\2026-07-26 08-00-47.zip
D:\.1 Work Stations\RootMC\Server Live Backups\2. RootMC - Towny\plugins\mcMMO\backup\2026-07-26 08-02-03.zip
D:\.1 Work Stations\RootMC\Server Live Backups\2. RootMC - Towny\plugins\mcMMO\backup\2026-07-26 08-03-23.zip
D:\.1 Work Stations\RootMC\Server Live Backups\2. RootMC - Towny\plugins\mcMMO\backup\2026-07-26 08-04-39.zip
D:\.1 Work Stations\RootMC\Server Live Backups\2. RootMC - Towny\plugins\mcMMO\backup\2026-07-26 08-05-57.zip
D:\.1 Work Stations\RootMC\Server Live Backups\2. RootMC - Towny\plugins\mcMMO\backup\2026-07-26 08-07-13.zip
D:\.1 Work Stations\RootMC\Server Live Backups\2. RootMC - Towny\plugins\mcMMO\backup\2026-07-26 08-08-29.zip
D:\.1 Work Stations\RootMC\Server Live Backups\2. RootMC - Towny\plugins\mcMMO\backup\2026-07-26 08-09-47.zip
D:\.1 Work Stations\RootMC\Server Live Backups\2. RootMC - Towny\plugins\mcMMO\backup\2026-07-26 08-11-02.zip
D:\.1 Work Stations\RootMC\Server Live Backups\2. RootMC - Towny\plugins\mcMMO\backup\2026-07-26 08-12-20.zip
D:\.1 Work Stations\RootMC\Server Live Backups\2. RootMC - Towny\plugins\mcMMO\backup\2026-07-26 08-13-36.zip
D:\.1 Work Stations\RootMC\Server Live Backups\2. RootMC - Towny\plugins\mcMMO\backup\2026-07-26 08-14-54.zip
D:\.1 Work Stations\RootMC\Server Live Backups\2. RootMC - Towny\plugins\mcMMO\backup\2026-07-26 08-16-12.zip
D:\.1 Work Stations\RootMC\Server Live Backups\2. RootMC - Towny\plugins\mcMMO\backup\2026-07-26 08-17-27.zip
D:\.1 Work Stations\RootMC\Server Live Backups\2. RootMC - Towny\plugins\mcMMO\backup\2026-07-26 08-18-46.zip
D:\.1 Work Stations\RootMC\Server Live Backups\2. RootMC - Towny\plugins\mcMMO\backup\2026-07-26 08-20-01.zip
D:\.1 Work Stations\RootMC\Server Live Backups\2. RootMC - Towny\plugins\mcMMO\backup\2026-07-26 08-21-16.zip
D:\.1 Work Stations\RootMC\Server Live Backups\2. RootMC - Towny\plugins\mcMMO\backup\2026-07-26 08-22-33.zip
D:\.1 Work Stations\RootMC\Server Live Backups\2. RootMC - Towny\plugins\mcMMO\backup\2026-07-26 08-23-49.zip
D:\.1 Work Stations\RootMC\Server Live Backups\2. RootMC - Towny\plugins\mcMMO\backup\2026-07-26 08-25-05.zip
D:\.1 Work Stations\RootMC\Server Live Backups\2. RootMC - Towny\plugins\mcMMO\backup\2026-07-26 08-26-20.zip
D:\.1 Work Stations\RootMC\Server Live Backups\2. RootMC - Towny\plugins\mcMMO\backup\2026-07-26 08-27-35.zip
D:\.1 Work Stations\RootMC\Server Live Backups\2. RootMC - Towny\plugins\mcMMO\backup\2026-07-26 08-28-51.zip
D:\.1 Work Stations\RootMC\Server Live Backups\2. RootMC - Towny\plugins\mcMMO\backup\2026-07-26 08-30-07.zip
D:\.1 Work Stations\RootMC\Server Live Backups\2. RootMC - Towny\plugins\mcMMO\backup\2026-07-26 08-31-24.zip
D:\.1 Work Stations\RootMC\Server Live Backups\2. RootMC - Towny\plugins\mcMMO\backup\2026-07-26 08-32-39.zip
D:\.1 Work Stations\RootMC\Server Live Backups\2. RootMC - Towny\plugins\mcMMO\backup\2026-07-26 08-33-55.zip
D:\.1 Work Stations\RootMC\Server Live Backups\2. RootMC - Towny\plugins\mcMMO\backup\2026-07-26 08-35-11.zip
D:\.1 Work Stations\RootMC\Server Live Backups\2. RootMC - Towny\plugins\mcMMO\backup\2026-07-26 08-36-26.zip
D:\.1 Work Stations\RootMC\Server Live Backups\2. RootMC - Towny\plugins\mcMMO\backup\2026-07-26 08-37-46.zip
D:\.1 Work Stations\RootMC\Server Live Backups\2. RootMC - Towny\plugins\mcMMO\backup\2026-07-26 08-39-00.zip
D:\.1 Work Stations\RootMC\Server Live Backups\2. RootMC - Towny\plugins\mcMMO\backup\2026-07-26 08-40-16.zip
D:\.1 Work Stations\RootMC\Server Live Backups\2. RootMC - Towny\plugins\mcMMO\backup\2026-07-26 08-41-32.zip
D:\.1 Work Stations\RootMC\Server Live Backups\2. RootMC - Towny\plugins\mcMMO\backup\2026-07-26 08-42-46.zip
D:\.1 Work Stations\RootMC\Server Live Backups\2. RootMC - Towny\plugins\mcMMO\backup\2026-07-26 08-44-03.zip
D:\.1 Work Stations\RootMC\Server Live Backups\2. RootMC - Towny\plugins\mcMMO\backup\2026-07-26 08-45-19.zip
D:\.1 Work Stations\RootMC\Server Live Backups\2. RootMC - Towny\plugins\mcMMO\backup\2026-07-26 08-46-35.zip
D:\.1 Work Stations\RootMC\Server Live Backups\2. RootMC - Towny\plugins\mcMMO\backup\2026-07-26 08-47-51.zip
D:\.1 Work Stations\RootMC\Server Live Backups\2. RootMC - Towny\plugins\mcMMO\backup\2026-07-26 08-49-06.zip
D:\.1 Work Stations\RootMC\Server Live Backups\2. RootMC - Towny\plugins\mcMMO\backup\2026-07-26 08-50-24.zip
D:\.1 Work Stations\RootMC\Server Live Backups\2. RootMC - Towny\plugins\mcMMO\backup\2026-07-26 08-51-41.zip
D:\.1 Work Stations\RootMC\Server Live Backups\2. RootMC - Towny\plugins\mcMMO\backup\2026-07-26 08-53-00.zip
D:\.1 Work Stations\RootMC\Server Live Backups\2. RootMC - Towny\plugins\mcMMO\backup\2026-07-26 08-54-18.zip
D:\.1 Work Stations\RootMC\Server Live Backups\2. RootMC - Towny\plugins\mcMMO\backup\2026-07-26 08-55-36.zip
D:\.1 Work Stations\RootMC\Server Live Backups\2. RootMC - Towny\plugins\mcMMO\backup\2026-07-26 08-56-56.zip
D:\.1 Work Stations\RootMC\Server Live Backups\2. RootMC - Towny\plugins\mcMMO\backup\2026-07-26 08-58-13.zip
D:\.1 Work Stations\RootMC\Server Live Backups\2. RootMC - Towny\plugins\mcMMO\backup\2026-07-26 08-59-33.zip
D:\.1 Work Stations\RootMC\Server Live Backups\2. RootMC - Towny\plugins\mcMMO\backup\2026-07-26 09-00-50.zip
D:\.1 Work Stations\RootMC\Server Live Backups\2. RootMC - Towny\plugins\mcMMO\backup\2026-07-26 09-02-10.zip
D:\.1 Work Stations\RootMC\Server Live Backups\2. RootMC - Towny\plugins\mcMMO\backup\2026-07-26 09-03-30.zip
D:\.1 Work Stations\RootMC\Server Live Backups\2. RootMC - Towny\plugins\mcMMO\backup\2026-07-26 09-04-51.zip
D:\.1 Work Stations\RootMC\Server Live Backups\2. RootMC - Towny\plugins\mcMMO\backup\2026-07-26 09-06-16.zip
D:\.1 Work Stations\RootMC\Server Live Backups\2. RootMC - Towny\plugins\mcMMO\backup\2026-07-26 09-07-35.zip
D:\.1 Work Stations\RootMC\Server Live Backups\2. RootMC - Towny\plugins\mcMMO\backup\2026-07-26 09-08-58.zip
D:\.1 Work Stations\RootMC\Server Live Backups\2. RootMC - Towny\plugins\mcMMO\backup\2026-07-26 09-10-16.zip
D:\.1 Work Stations\RootMC\Server Live Backups\2. RootMC - Towny\plugins\mcMMO\backup\2026-07-26 09-11-35.zip
D:\.1 Work Stations\RootMC\Server Live Backups\2. RootMC - Towny\plugins\mcMMO\backup\2026-07-26 09-12-56.zip
D:\.1 Work Stations\RootMC\Server Live Backups\2. RootMC - Towny\plugins\mcMMO\backup\2026-07-26 09-14-15.zip
D:\.1 Work Stations\RootMC\Server Live Backups\2. RootMC - Towny\plugins\mcMMO\backup\2026-07-26 09-15-36.zip
D:\.1 Work Stations\RootMC\Server Live Backups\2. RootMC - Towny\plugins\mcMMO\backup\2026-07-26 09-16-55.zip
D:\.1 Work Stations\RootMC\Server Live Backups\2. RootMC - Towny\plugins\mcMMO\backup\2026-07-26 09-18-14.zip
D:\.1 Work Stations\RootMC\Server Live Backups\2. RootMC - Towny\plugins\mcMMO\backup\2026-07-26 09-19-33.zip
D:\.1 Work Stations\RootMC\Server Live Backups\2. RootMC - Towny\plugins\mcMMO\backup\2026-07-26 09-20-51.zip
D:\.1 Work Stations\RootMC\Server Live Backups\2. RootMC - Towny\plugins\mcMMO\backup\2026-07-26 09-22-11.zip
D:\.1 Work Stations\RootMC\Server Live Backups\2. RootMC - Towny\plugins\mcMMO\backup\2026-07-26 09-23-28.zip
D:\.1 Work Stations\RootMC\Server Live Backups\2. RootMC - Towny\plugins\mcMMO\backup\2026-07-26 09-24-48.zip
D:\.1 Work Stations\RootMC\Server Live Backups\2. RootMC - Towny\plugins\mcMMO\backup\2026-07-26 09-26-07.zip
D:\.1 Work Stations\RootMC\Server Live Backups\2. RootMC - Towny\plugins\mcMMO\backup\2026-07-26 09-27-24.zip
D:\.1 Work Stations\RootMC\Server Live Backups\2. RootMC - Towny\plugins\mcMMO\backup\2026-07-26 09-28-44.zip
D:\.1 Work Stations\RootMC\Server Live Backups\2. RootMC - Towny\plugins\mcMMO\backup\2026-07-26 09-30-03.zip
D:\.1 Work Stations\RootMC\Server Live Backups\2. RootMC - Towny\plugins\mcMMO\backup\2026-07-26 09-31-25.zip
D:\.1 Work Stations\RootMC\Server Live Backups\2. RootMC - Towny\plugins\mcMMO\backup\2026-07-26 09-32-44.zip
D:\.1 Work Stations\RootMC\Server Live Backups\2. RootMC - Towny\plugins\mcMMO\backup\2026-07-26 09-34-03.zip
D:\.1 Work Stations\RootMC\Server Live Backups\2. RootMC - Towny\plugins\mcMMO\backup\2026-07-26 09-35-23.zip
D:\.1 Work Stations\RootMC\Server Live Backups\2. RootMC - Towny\plugins\mcMMO\backup\2026-07-26 09-36-39.zip
D:\.1 Work Stations\RootMC\Server Live Backups\2. RootMC - Towny\plugins\mcMMO\backup\2026-07-26 09-37-59.zip
D:\.1 Work Stations\RootMC\Server Live Backups\2. RootMC - Towny\plugins\mcMMO\backup\2026-07-26 09-39-16.zip
D:\.1 Work Stations\RootMC\Server Live Backups\2. RootMC - Towny\plugins\mcMMO\backup\2026-07-26 09-40-36.zip
D:\.1 Work Stations\RootMC\Server Live Backups\2. RootMC - Towny\plugins\mcMMO\backup\2026-07-26 09-41-55.zip
D:\.1 Work Stations\RootMC\Server Live Backups\2. RootMC - Towny\plugins\mcMMO\backup\2026-07-26 09-43-14.zip
D:\.1 Work Stations\RootMC\Server Live Backups\2. RootMC - Towny\plugins\mcMMO\backup\2026-07-26 09-44-35.zip
D:\.1 Work Stations\RootMC\Server Live Backups\2. RootMC - Towny\plugins\mcMMO\backup\2026-07-26 09-46-06.zip
D:\.1 Work Stations\RootMC\Server Live Backups\2. RootMC - Towny\plugins\mcMMO\backup\2026-07-26 09-47-25.zip
D:\.1 Work Stations\RootMC\Server Live Backups\2. RootMC - Towny\plugins\mcMMO\backup\2026-07-26 09-48-46.zip
D:\.1 Work Stations\RootMC\Server Live Backups\2. RootMC - Towny\plugins\mcMMO\backup\2026-07-26 09-50-05.zip
D:\.1 Work Stations\RootMC\Server Live Backups\2. RootMC - Towny\plugins\mcMMO\backup\2026-07-26 09-51-26.zip
D:\.1 Work Stations\RootMC\Server Live Backups\2. RootMC - Towny\plugins\mcMMO\backup\2026-07-26 09-52-45.zip
D:\.1 Work Stations\RootMC\Server Live Backups\2. RootMC - Towny\plugins\mcMMO\backup\2026-07-26 09-54-07.zip
D:\.1 Work Stations\RootMC\Server Live Backups\2. RootMC - Towny\plugins\mcMMO\backup\2026-07-26 09-55-25.zip
D:\.1 Work Stations\RootMC\Server Live Backups\2. RootMC - Towny\plugins\mcMMO\backup\2026-07-26 09-56-44.zip
D:\.1 Work Stations\RootMC\Server Live Backups\2. RootMC - Towny\plugins\mcMMO\backup\2026-07-26 09-58-03.zip
D:\.1 Work Stations\RootMC\Server Live Backups\2. RootMC - Towny\plugins\mcMMO\backup\2026-07-26 09-59-22.zip
D:\.1 Work Stations\RootMC\Server Live Backups\2. RootMC - Towny\plugins\mcMMO\backup\2026-07-26 10-00-44.zip
D:\.1 Work Stations\RootMC\Server Live Backups\2. RootMC - Towny\plugins\mcMMO\backup\2026-07-26 10-02-04.zip
D:\.1 Work Stations\RootMC\Server Live Backups\2. RootMC - Towny\plugins\mcMMO\backup\2026-07-26 10-03-24.zip
D:\.1 Work Stations\RootMC\Server Live Backups\2. RootMC - Towny\plugins\mcMMO\backup\2026-07-26 10-04-44.zip
D:\.1 Work Stations\RootMC\Server Live Backups\2. RootMC - Towny\plugins\mcMMO\backup\2026-07-26 10-06-03.zip
D:\.1 Work Stations\RootMC\Server Live Backups\2. RootMC - Towny\plugins\mcMMO\backup\2026-07-26 10-07-24.zip
D:\.1 Work Stations\RootMC\Server Live Backups\2. RootMC - Towny\plugins\mcMMO\backup\2026-07-26 10-08-44.zip
D:\.1 Work Stations\RootMC\Server Live Backups\2. RootMC - Towny\plugins\mcMMO\backup\2026-07-26 10-10-06.zip
D:\.1 Work Stations\RootMC\Server Live Backups\2. RootMC - Towny\plugins\mcMMO\backup\2026-07-26 10-11-23.zip
D:\.1 Work Stations\RootMC\Server Live Backups\2. RootMC - Towny\plugins\mcMMO\backup\2026-07-26 10-12-40.zip
D:\.1 Work Stations\RootMC\Server Live Backups\2. RootMC - Towny\plugins\mcMMO\backup\2026-07-26 10-14-00.zip
D:\.1 Work Stations\RootMC\Server Live Backups\2. RootMC - Towny\plugins\mcMMO\backup\2026-07-26 10-15-17.zip
D:\.1 Work Stations\RootMC\Server Live Backups\2. RootMC - Towny\plugins\mcMMO\backup\2026-07-26 10-16-37.zip
D:\.1 Work Stations\RootMC\Server Live Backups\2. RootMC - Towny\plugins\mcMMO\backup\2026-07-26 10-17-55.zip
D:\.1 Work Stations\RootMC\Server Live Backups\2. RootMC - Towny\plugins\mcMMO\backup\2026-07-26 10-19-12.zip
D:\.1 Work Stations\RootMC\Server Live Backups\2. RootMC - Towny\plugins\mcMMO\backup\2026-07-26 10-20-31.zip
D:\.1 Work Stations\RootMC\Server Live Backups\2. RootMC - Towny\plugins\mcMMO\backup\2026-07-26 10-21-49.zip
D:\.1 Work Stations\RootMC\Server Live Backups\2. RootMC - Towny\plugins\mcMMO\backup\2026-07-26 10-23-09.zip
D:\.1 Work Stations\RootMC\Server Live Backups\2. RootMC - Towny\plugins\mcMMO\backup\2026-07-26 10-24-26.zip
D:\.1 Work Stations\RootMC\Server Live Backups\2. RootMC - Towny\plugins\mcMMO\backup\2026-07-26 10-25-45.zip
D:\.1 Work Stations\RootMC\Server Live Backups\2. RootMC - Towny\plugins\mcMMO\backup\2026-07-26 10-27-03.zip
D:\.1 Work Stations\RootMC\Server Live Backups\2. RootMC - Towny\plugins\mcMMO\backup\2026-07-26 10-28-20.zip
D:\.1 Work Stations\RootMC\Server Live Backups\2. RootMC - Towny\plugins\mcMMO\backup\2026-07-26 10-29-38.zip
D:\.1 Work Stations\RootMC\Server Live Backups\2. RootMC - Towny\plugins\mcMMO\backup\2026-07-26 10-30-54.zip
D:\.1 Work Stations\RootMC\Server Live Backups\2. RootMC - Towny\plugins\mcMMO\backup\2026-07-26 10-32-15.zip
D:\.1 Work Stations\RootMC\Server Live Backups\2. RootMC - Towny\plugins\mcMMO\backup\2026-07-26 10-33-34.zip
D:\.1 Work Stations\RootMC\Server Live Backups\2. RootMC - Towny\plugins\mcMMO\backup\2026-07-26 10-34-53.zip
D:\.1 Work Stations\RootMC\Server Live Backups\2. RootMC - Towny\plugins\mcMMO\backup\2026-07-26 10-36-12.zip
D:\.1 Work Stations\RootMC\Server Live Backups\2. RootMC - Towny\plugins\mcMMO\backup\2026-07-26 10-37-30.zip
D:\.1 Work Stations\RootMC\Server Live Backups\2. RootMC - Towny\plugins\mcMMO\backup\2026-07-26 10-38-51.zip
D:\.1 Work Stations\RootMC\Server Live Backups\2. RootMC - Towny\plugins\mcMMO\backup\2026-07-26 10-40-08.zip
D:\.1 Work Stations\RootMC\Server Live Backups\2. RootMC - Towny\plugins\mcMMO\backup\2026-07-26 10-41-26.zip
D:\.1 Work Stations\RootMC\Server Live Backups\2. RootMC - Towny\plugins\mcMMO\backup\2026-07-26 10-42-44.zip
D:\.1 Work Stations\RootMC\Server Live Backups\2. RootMC - Towny\plugins\mcMMO\backup\2026-07-26 10-44-01.zip
D:\.1 Work Stations\RootMC\Server Live Backups\2. RootMC - Towny\plugins\mcMMO\backup\2026-07-26 10-45-20.zip
D:\.1 Work Stations\RootMC\Server Live Backups\2. RootMC - Towny\plugins\mcMMO\backup\2026-07-26 10-46-37.zip
D:\.1 Work Stations\RootMC\Server Live Backups\2. RootMC - Towny\plugins\mcMMO\backup\2026-07-26 10-47-57.zip
D:\.1 Work Stations\RootMC\Server Live Backups\2. RootMC - Towny\plugins\mcMMO\backup\2026-07-26 10-49-17.zip
D:\.1 Work Stations\RootMC\Server Live Backups\2. RootMC - Towny\plugins\mcMMO\backup\2026-07-26 10-50-34.zip
D:\.1 Work Stations\RootMC\Server Live Backups\2. RootMC - Towny\plugins\mcMMO\backup\2026-07-26 10-51-55.zip
D:\.1 Work Stations\RootMC\Server Live Backups\2. RootMC - Towny\plugins\mcMMO\backup\2026-07-26 10-53-12.zip
D:\.1 Work Stations\RootMC\Server Live Backups\2. RootMC - Towny\plugins\mcMMO\backup\2026-07-26 10-54-30.zip
D:\.1 Work Stations\RootMC\Server Live Backups\2. RootMC - Towny\plugins\mcMMO\backup\2026-07-26 10-55-50.zip
D:\.1 Work Stations\RootMC\Server Live Backups\2. RootMC - Towny\plugins\mcMMO\backup\2026-07-26 10-57-08.zip
D:\.1 Work Stations\RootMC\Server Live Backups\2. RootMC - Towny\plugins\mcMMO\backup\2026-07-26 10-58-28.zip
D:\.1 Work Stations\RootMC\Server Live Backups\2. RootMC - Towny\plugins\mcMMO\backup\2026-07-26 10-59-45.zip
D:\.1 Work Stations\RootMC\Server Live Backups\2. RootMC - Towny\plugins\mcMMO\backup\2026-07-26 11-01-06.zip
D:\.1 Work Stations\RootMC\Server Live Backups\2. RootMC - Towny\plugins\mcMMO\backup\2026-07-26 11-02-24.zip
D:\.1 Work Stations\RootMC\Server Live Backups\2. RootMC - Towny\plugins\mcMMO\backup\2026-07-26 11-03-42.zip
D:\.1 Work Stations\RootMC\Server Live Backups\2. RootMC - Towny\plugins\mcMMO\backup\2026-07-26 11-05-03.zip
D:\.1 Work Stations\RootMC\Server Live Backups\2. RootMC - Towny\plugins\mcMMO\backup\2026-07-26 11-06-22.zip
D:\.1 Work Stations\RootMC\Server Live Backups\2. RootMC - Towny\plugins\mcMMO\backup\2026-07-26 11-07-42.zip
D:\.1 Work Stations\RootMC\Server Live Backups\2. RootMC - Towny\plugins\mcMMO\backup\2026-07-26 11-08-59.zip
D:\.1 Work Stations\RootMC\Server Live Backups\2. RootMC - Towny\plugins\mcMMO\backup\2026-07-26 11-10-17.zip
D:\.1 Work Stations\RootMC\Server Live Backups\2. RootMC - Towny\plugins\mcMMO\backup\2026-07-26 11-11-36.zip
D:\.1 Work Stations\RootMC\Server Live Backups\2. RootMC - Towny\plugins\mcMMO\backup\2026-07-26 11-12-53.zip
D:\.1 Work Stations\RootMC\Server Live Backups\2. RootMC - Towny\plugins\mcMMO\backup\2026-07-26 11-14-13.zip
D:\.1 Work Stations\RootMC\Server Live Backups\2. RootMC - Towny\plugins\mcMMO\backup\2026-07-26 11-15-30.zip
D:\.1 Work Stations\RootMC\Server Live Backups\2. RootMC - Towny\plugins\mcMMO\backup\2026-07-26 11-16-49.zip
D:\.1 Work Stations\RootMC\Server Live Backups\2. RootMC - Towny\plugins\mcMMO\backup\2026-07-26 11-18-06.zip
D:\.1 Work Stations\RootMC\Server Live Backups\2. RootMC - Towny\plugins\mcMMO\backup\2026-07-26 11-19-26.zip
D:\.1 Work Stations\RootMC\Server Live Backups\2. RootMC - Towny\plugins\mcMMO\backup\2026-07-26 11-20-45.zip
D:\.1 Work Stations\RootMC\Server Live Backups\2. RootMC - Towny\plugins\mcMMO\backup\2026-07-26 11-22-03.zip
D:\.1 Work Stations\RootMC\Server Live Backups\2. RootMC - Towny\plugins\mcMMO\backup\2026-07-26 11-23-24.zip
D:\.1 Work Stations\RootMC\Server Live Backups\2. RootMC - Towny\plugins\mcMMO\backup\2026-07-26 11-24-40.zip
D:\.1 Work Stations\RootMC\Server Live Backups\2. RootMC - Towny\plugins\mcMMO\backup\2026-07-26 11-25-59.zip
D:\.1 Work Stations\RootMC\Server Live Backups\2. RootMC - Towny\plugins\mcMMO\backup\2026-07-26 11-27-18.zip
D:\.1 Work Stations\RootMC\Server Live Backups\2. RootMC - Towny\plugins\mcMMO\backup\2026-07-26 11-28-36.zip
D:\.1 Work Stations\RootMC\Server Live Backups\2. RootMC - Towny\plugins\mcMMO\backup\2026-07-26 11-29-57.zip
D:\.1 Work Stations\RootMC\Server Live Backups\2. RootMC - Towny\plugins\mcMMO\backup\2026-07-26 11-31-15.zip
D:\.1 Work Stations\RootMC\Server Live Backups\2. RootMC - Towny\plugins\mcMMO\backup\2026-07-26 11-32-36.zip
D:\.1 Work Stations\RootMC\Server Live Backups\2. RootMC - Towny\plugins\mcMMO\backup\2026-07-26 11-33-53.zip
D:\.1 Work Stations\RootMC\Server Live Backups\2. RootMC - Towny\plugins\mcMMO\backup\2026-07-26 11-35-13.zip
D:\.1 Work Stations\RootMC\Server Live Backups\2. RootMC - Towny\plugins\mcMMO\backup\2026-07-26 11-36-33.zip
D:\.1 Work Stations\RootMC\Server Live Backups\2. RootMC - Towny\plugins\mcMMO\backup\2026-07-26 11-37-50.zip
D:\.1 Work Stations\RootMC\Server Live Backups\2. RootMC - Towny\plugins\mcMMO\backup\2026-07-26 11-39-10.zip
D:\.1 Work Stations\RootMC\Server Live Backups\2. RootMC - Towny\plugins\mcMMO\backup\2026-07-26 11-40-27.zip
D:\.1 Work Stations\RootMC\Server Live Backups\2. RootMC - Towny\plugins\mcMMO\backup\2026-07-26 11-41-46.zip
D:\.1 Work Stations\RootMC\Server Live Backups\2. RootMC - Towny\plugins\mcMMO\backup\2026-07-26 11-43-06.zip
D:\.1 Work Stations\RootMC\Server Live Backups\2. RootMC - Towny\plugins\mcMMO\backup\2026-07-26 11-44-23.zip
D:\.1 Work Stations\RootMC\Server Live Backups\2. RootMC - Towny\plugins\mcMMO\backup\2026-07-26 11-45-45.zip
D:\.1 Work Stations\RootMC\Server Live Backups\2. RootMC - Towny\plugins\mcMMO\backup\2026-07-26 11-47-01.zip
D:\.1 Work Stations\RootMC\Server Live Backups\2. RootMC - Towny\plugins\mcMMO\backup\2026-07-26 11-48-19.zip
D:\.1 Work Stations\RootMC\Server Live Backups\2. RootMC - Towny\plugins\mcMMO\backup\2026-07-26 11-49-38.zip
D:\.1 Work Stations\RootMC\Server Live Backups\2. RootMC - Towny\plugins\mcMMO\backup\2026-07-26 11-50-57.zip
D:\.1 Work Stations\RootMC\Server Live Backups\2. RootMC - Towny\plugins\mcMMO\backup\2026-07-26 11-52-17.zip
D:\.1 Work Stations\RootMC\Server Live Backups\2. RootMC - Towny\plugins\mcMMO\backup\2026-07-26 11-53-34.zip
D:\.1 Work Stations\RootMC\Server Live Backups\2. RootMC - Towny\plugins\mcMMO\backup\2026-07-26 11-54-53.zip
D:\.1 Work Stations\RootMC\Server Live Backups\2. RootMC - Towny\plugins\mcMMO\backup\2026-07-26 11-56-11.zip
D:\.1 Work Stations\RootMC\Server Live Backups\2. RootMC - Towny\plugins\mcMMO\backup\2026-07-26 11-57-27.zip
D:\.1 Work Stations\RootMC\Server Live Backups\2. RootMC - Towny\plugins\mcMMO\backup\2026-07-26 11-58-45.zip
D:\.1 Work Stations\RootMC\Server Live Backups\2. RootMC - Towny\plugins\mcMMO\backup\2026-07-26 12-00-03.zip
D:\.1 Work Stations\RootMC\Server Live Backups\2. RootMC - Towny\plugins\mcMMO\backup\2026-07-26 12-01-24.zip
D:\.1 Work Stations\RootMC\Server Live Backups\2. RootMC - Towny\plugins\mcMMO\backup\2026-07-26 12-02-42.zip
D:\.1 Work Stations\RootMC\Server Live Backups\2. RootMC - Towny\plugins\mcMMO\backup\2026-07-26 12-04-00.zip
D:\.1 Work Stations\RootMC\Server Live Backups\2. RootMC - Towny\plugins\mcMMO\backup\2026-07-26 12-05-21.zip
D:\.1 Work Stations\RootMC\Server Live Backups\2. RootMC - Towny\plugins\mcMMO\backup\2026-07-26 12-06-37.zip
D:\.1 Work Stations\RootMC\Server Live Backups\2. RootMC - Towny\plugins\mcMMO\backup\2026-07-26 12-07-57.zip
D:\.1 Work Stations\RootMC\Server Live Backups\2. RootMC - Towny\plugins\mcMMO\backup\2026-07-26 12-09-17.zip
D:\.1 Work Stations\RootMC\Server Live Backups\2. RootMC - Towny\plugins\mcMMO\backup\2026-07-26 12-10-34.zip
D:\.1 Work Stations\RootMC\Server Live Backups\2. RootMC - Towny\plugins\mcMMO\backup\2026-07-26 12-11-52.zip
D:\.1 Work Stations\RootMC\Server Live Backups\2. RootMC - Towny\plugins\mcMMO\backup\2026-07-26 12-13-09.zip
D:\.1 Work Stations\RootMC\Server Live Backups\2. RootMC - Towny\plugins\mcMMO\backup\2026-07-26 12-14-29.zip
D:\.1 Work Stations\RootMC\Server Live Backups\2. RootMC - Towny\plugins\mcMMO\backup\2026-07-26 12-15-48.zip
D:\.1 Work Stations\RootMC\Server Live Backups\2. RootMC - Towny\plugins\mcMMO\backup\2026-07-26 12-17-07.zip
D:\.1 Work Stations\RootMC\Server Live Backups\2. RootMC - Towny\plugins\mcMMO\backup\2026-07-26 12-18-26.zip
D:\.1 Work Stations\RootMC\Server Live Backups\2. RootMC - Towny\plugins\mcMMO\backup\2026-07-26 12-19-44.zip
D:\.1 Work Stations\RootMC\Server Live Backups\2. RootMC - Towny\plugins\mcMMO\backup\2026-07-26 12-21-04.zip
D:\.1 Work Stations\RootMC\Server Live Backups\2. RootMC - Towny\plugins\mcMMO\backup\2026-07-26 12-22-20.zip
D:\.1 Work Stations\RootMC\Server Live Backups\2. RootMC - Towny\plugins\mcMMO\backup\2026-07-26 12-23-40.zip
D:\.1 Work Stations\RootMC\Server Live Backups\2. RootMC - Towny\plugins\mcMMO\backup\2026-07-26 12-24-57.zip
D:\.1 Work Stations\RootMC\Server Live Backups\2. RootMC - Towny\plugins\mcMMO\backup\2026-07-26 12-26-15.zip
D:\.1 Work Stations\RootMC\Server Live Backups\2. RootMC - Towny\plugins\mcMMO\backup\2026-07-26 12-27-34.zip
D:\.1 Work Stations\RootMC\Server Live Backups\2. RootMC - Towny\plugins\mcMMO\backup\2026-07-26 12-28-51.zip
D:\.1 Work Stations\RootMC\Server Live Backups\2. RootMC - Towny\plugins\mcMMO\backup\2026-07-26 12-30-09.zip
D:\.1 Work Stations\RootMC\Server Live Backups\2. RootMC - Towny\plugins\mcMMO\backup\2026-07-26 12-31-28.zip
D:\.1 Work Stations\RootMC\Server Live Backups\2. RootMC - Towny\plugins\mcMMO\backup\2026-07-26 12-32-45.zip
D:\.1 Work Stations\RootMC\Server Live Backups\2. RootMC - Towny\plugins\mcMMO\backup\2026-07-26 12-34-03.zip
D:\.1 Work Stations\RootMC\Server Live Backups\2. RootMC - Towny\plugins\mcMMO\backup\2026-07-26 12-35-21.zip
D:\.1 Work Stations\RootMC\Server Live Backups\2. RootMC - Towny\plugins\mcMMO\backup\2026-07-26 12-36-41.zip
D:\.1 Work Stations\RootMC\Server Live Backups\2. RootMC - Towny\plugins\mcMMO\backup\2026-07-26 12-37-57.zip
D:\.1 Work Stations\RootMC\Server Live Backups\2. RootMC - Towny\plugins\mcMMO\backup\2026-07-26 12-39-18.zip
D:\.1 Work Stations\RootMC\Server Live Backups\2. RootMC - Towny\plugins\mcMMO\backup\2026-07-26 12-40-37.zip
D:\.1 Work Stations\RootMC\Server Live Backups\2. RootMC - Towny\plugins\mcMMO\backup\2026-07-26 12-41-54.zip
D:\.1 Work Stations\RootMC\Server Live Backups\2. RootMC - Towny\plugins\mcMMO\backup\2026-07-26 12-43-12.zip
D:\.1 Work Stations\RootMC\Server Live Backups\2. RootMC - Towny\plugins\mcMMO\backup\2026-07-26 12-44-30.zip
D:\.1 Work Stations\RootMC\Server Live Backups\2. RootMC - Towny\plugins\mcMMO\backup\2026-07-26 12-45-49.zip
D:\.1 Work Stations\RootMC\Server Live Backups\2. RootMC - Towny\plugins\mcMMO\backup\2026-07-26 12-47-07.zip
D:\.1 Work Stations\RootMC\Server Live Backups\2. RootMC - Towny\plugins\mcMMO\backup\2026-07-26 12-48-25.zip
D:\.1 Work Stations\RootMC\Server Live Backups\2. RootMC - Towny\plugins\mcMMO\backup\2026-07-26 12-49-44.zip
D:\.1 Work Stations\RootMC\Server Live Backups\2. RootMC - Towny\plugins\mcMMO\backup\2026-07-26 12-51-01.zip
D:\.1 Work Stations\RootMC\Server Live Backups\2. RootMC - Towny\plugins\mcMMO\backup\2026-07-26 12-52-20.zip
D:\.1 Work Stations\RootMC\Server Live Backups\2. RootMC - Towny\plugins\mcMMO\backup\2026-07-26 12-53-37.zip
D:\.1 Work Stations\RootMC\Server Live Backups\2. RootMC - Towny\plugins\mcMMO\backup\2026-07-26 12-54-54.zip
D:\.1 Work Stations\RootMC\Server Live Backups\2. RootMC - Towny\plugins\mcMMO\backup\2026-07-26 12-56-13.zip
D:\.1 Work Stations\RootMC\Server Live Backups\2. RootMC - Towny\plugins\mcMMO\backup\2026-07-26 12-57-30.zip
D:\.1 Work Stations\RootMC\Server Live Backups\2. RootMC - Towny\plugins\mcMMO\backup\2026-07-26 12-58-51.zip
D:\.1 Work Stations\RootMC\Server Live Backups\2. RootMC - Towny\plugins\mcMMO\backup\2026-07-26 13-00-09.zip
D:\.1 Work Stations\RootMC\Server Live Backups\2. RootMC - Towny\plugins\mcMMO\backup\2026-07-26 13-01-29.zip
D:\.1 Work Stations\RootMC\Server Live Backups\2. RootMC - Towny\plugins\mcMMO\backup\2026-07-26 13-02-48.zip
D:\.1 Work Stations\RootMC\Server Live Backups\2. RootMC - Towny\plugins\mcMMO\backup\2026-07-26 13-04-07.zip
D:\.1 Work Stations\RootMC\Server Live Backups\2. RootMC - Towny\plugins\mcMMO\backup\2026-07-26 13-05-28.zip
D:\.1 Work Stations\RootMC\Server Live Backups\2. RootMC - Towny\plugins\mcMMO\backup\2026-07-26 13-06-46.zip
D:\.1 Work Stations\RootMC\Server Live Backups\2. RootMC - Towny\plugins\mcMMO\backup\2026-07-26 13-08-09.zip
D:\.1 Work Stations\RootMC\Server Live Backups\2. RootMC - Towny\plugins\mcMMO\backup\2026-07-26 13-09-28.zip
D:\.1 Work Stations\RootMC\Server Live Backups\2. RootMC - Towny\plugins\mcMMO\backup\2026-07-26 13-11-09.zip
D:\.1 Work Stations\RootMC\Server Live Backups\2. RootMC - Towny\plugins\mcMMO\backup\2026-07-26 13-12-29.zip
D:\.1 Work Stations\RootMC\Server Live Backups\2. RootMC - Towny\plugins\mcMMO\backup\2026-07-26 13-13-46.zip
D:\.1 Work Stations\RootMC\Server Live Backups\2. RootMC - Towny\plugins\mcMMO\backup\2026-07-26 13-15-08.zip
D:\.1 Work Stations\RootMC\Server Live Backups\2. RootMC - Towny\plugins\mcMMO\backup\2026-07-26 13-16-26.zip
D:\.1 Work Stations\RootMC\Server Live Backups\2. RootMC - Towny\plugins\mcMMO\backup\2026-07-26 13-17-45.zip
D:\.1 Work Stations\RootMC\Server Live Backups\2. RootMC - Towny\plugins\mcMMO\backup\2026-07-26 13-19-04.zip
D:\.1 Work Stations\RootMC\Server Live Backups\2. RootMC - Towny\plugins\mcMMO\backup\2026-07-26 13-20-23.zip
D:\.1 Work Stations\RootMC\Server Live Backups\2. RootMC - Towny\plugins\mcMMO\backup\2026-07-26 13-21-44.zip
D:\.1 Work Stations\RootMC\Server Live Backups\2. RootMC - Towny\plugins\mcMMO\backup\2026-07-26 13-23-02.zip
D:\.1 Work Stations\RootMC\Server Live Backups\2. RootMC - Towny\plugins\mcMMO\backup\2026-07-26 13-24-22.zip
D:\.1 Work Stations\RootMC\Server Live Backups\2. RootMC - Towny\plugins\mcMMO\backup\2026-07-26 13-25-42.zip
D:\.1 Work Stations\RootMC\Server Live Backups\2. RootMC - Towny\plugins\mcMMO\backup\2026-07-26 13-27-00.zip
D:\.1 Work Stations\RootMC\Server Live Backups\2. RootMC - Towny\plugins\mcMMO\backup\2026-07-26 13-28-21.zip
D:\.1 Work Stations\RootMC\Server Live Backups\2. RootMC - Towny\plugins\mcMMO\backup\2026-07-26 13-29-39.zip
D:\.1 Work Stations\RootMC\Server Live Backups\2. RootMC - Towny\plugins\mcMMO\backup\2026-07-26 13-31-00.zip
D:\.1 Work Stations\RootMC\Server Live Backups\2. RootMC - Towny\plugins\mcMMO\backup\2026-07-26 13-32-19.zip
D:\.1 Work Stations\RootMC\Server Live Backups\2. RootMC - Towny\plugins\mcMMO\backup\2026-07-26 13-33-40.zip
D:\.1 Work Stations\RootMC\Server Live Backups\2. RootMC - Towny\plugins\mcMMO\backup\2026-07-26 13-35-00.zip
D:\.1 Work Stations\RootMC\Server Live Backups\2. RootMC - Towny\plugins\mcMMO\backup\2026-07-26 13-36-17.zip
D:\.1 Work Stations\RootMC\Server Live Backups\2. RootMC - Towny\plugins\mcMMO\backup\2026-07-26 13-37-37.zip
D:\.1 Work Stations\RootMC\Server Live Backups\2. RootMC - Towny\plugins\mcMMO\backup\2026-07-26 13-38-56.zip
D:\.1 Work Stations\RootMC\Server Live Backups\2. RootMC - Towny\plugins\mcMMO\backup\2026-07-26 13-40-16.zip
D:\.1 Work Stations\RootMC\Server Live Backups\2. RootMC - Towny\plugins\mcMMO\backup\2026-07-26 13-41-37.zip
D:\.1 Work Stations\RootMC\Server Live Backups\2. RootMC - Towny\plugins\mcMMO\backup\2026-07-26 13-42-56.zip
D:\.1 Work Stations\RootMC\Server Live Backups\2. RootMC - Towny\plugins\mcMMO\backup\2026-07-26 13-44-17.zip
D:\.1 Work Stations\RootMC\Server Live Backups\2. RootMC - Towny\plugins\mcMMO\backup\2026-07-26 13-45-34.zip
D:\.1 Work Stations\RootMC\Server Live Backups\2. RootMC - Towny\plugins\mcMMO\backup\2026-07-26 13-46-55.zip
D:\.1 Work Stations\RootMC\Server Live Backups\2. RootMC - Towny\plugins\mcMMO\backup\2026-07-26 13-48-14.zip
D:\.1 Work Stations\RootMC\Server Live Backups\2. RootMC - Towny\plugins\mcMMO\backup\2026-07-26 13-49-37.zip
D:\.1 Work Stations\RootMC\Server Live Backups\2. RootMC - Towny\plugins\mcMMO\backup\2026-07-26 13-50-56.zip
D:\.1 Work Stations\RootMC\Server Live Backups\2. RootMC - Towny\plugins\mcMMO\backup\2026-07-26 13-52-15.zip
D:\.1 Work Stations\RootMC\Server Live Backups\2. RootMC - Towny\plugins\mcMMO\backup\2026-07-26 13-53-35.zip
D:\.1 Work Stations\RootMC\Server Live Backups\2. RootMC - Towny\plugins\mcMMO\backup\2026-07-26 13-54-54.zip
D:\.1 Work Stations\RootMC\Server Live Backups\2. RootMC - Towny\plugins\mcMMO\backup\2026-07-26 13-56-15.zip
D:\.1 Work Stations\RootMC\Server Live Backups\2. RootMC - Towny\plugins\mcMMO\backup\2026-07-26 13-57-33.zip
D:\.1 Work Stations\RootMC\Server Live Backups\2. RootMC - Towny\plugins\mcMMO\backup\2026-07-26 13-58-52.zip
D:\.1 Work Stations\RootMC\Server Live Backups\2. RootMC - Towny\plugins\mcMMO\backup\2026-07-26 14-00-13.zip
D:\.1 Work Stations\RootMC\Server Live Backups\2. RootMC - Towny\plugins\mcMMO\backup\2026-07-26 14-01-32.zip
D:\.1 Work Stations\RootMC\Server Live Backups\2. RootMC - Towny\plugins\mcMMO\backup\2026-07-26 14-02-52.zip
D:\.1 Work Stations\RootMC\Server Live Backups\2. RootMC - Towny\plugins\mcMMO\backup\2026-07-26 14-04-12.zip
D:\.1 Work Stations\RootMC\Server Live Backups\2. RootMC - Towny\plugins\mcMMO\backup\2026-07-26 14-05-31.zip
D:\.1 Work Stations\RootMC\Server Live Backups\2. RootMC - Towny\plugins\mcMMO\backup\2026-07-26 14-06-50.zip
D:\.1 Work Stations\RootMC\Server Live Backups\2. RootMC - Towny\plugins\mcMMO\backup\2026-07-26 14-08-09.zip
D:\.1 Work Stations\RootMC\Server Live Backups\2. RootMC - Towny\plugins\mcMMO\backup\2026-07-26 14-09-31.zip
D:\.1 Work Stations\RootMC\Server Live Backups\2. RootMC - Towny\plugins\mcMMO\backup\2026-07-26 14-10-50.zip
D:\.1 Work Stations\RootMC\Server Live Backups\2. RootMC - Towny\plugins\mcMMO\backup\2026-07-26 14-12-12.zip
D:\.1 Work Stations\RootMC\Server Live Backups\2. RootMC - Towny\plugins\mcMMO\backup\2026-07-26 14-13-31.zip
D:\.1 Work Stations\RootMC\Server Live Backups\2. RootMC - Towny\plugins\mcMMO\backup\2026-07-26 14-14-52.zip
D:\.1 Work Stations\RootMC\Server Live Backups\2. RootMC - Towny\plugins\mcMMO\backup\2026-07-26 14-16-12.zip
D:\.1 Work Stations\RootMC\Server Live Backups\2. RootMC - Towny\plugins\mcMMO\backup\2026-07-26 14-17-33.zip
D:\.1 Work Stations\RootMC\Server Live Backups\2. RootMC - Towny\plugins\mcMMO\backup\2026-07-26 14-18-54.zip
D:\.1 Work Stations\RootMC\Server Live Backups\2. RootMC - Towny\plugins\mcMMO\backup\2026-07-26 14-20-14.zip
D:\.1 Work Stations\RootMC\Server Live Backups\2. RootMC - Towny\plugins\mcMMO\backup\2026-07-26 14-21-35.zip
D:\.1 Work Stations\RootMC\Server Live Backups\2. RootMC - Towny\plugins\mcMMO\backup\2026-07-26 14-22-55.zip
D:\.1 Work Stations\RootMC\Server Live Backups\2. RootMC - Towny\plugins\mcMMO\backup\2026-07-26 14-24-16.zip
D:\.1 Work Stations\RootMC\Server Live Backups\2. RootMC - Towny\plugins\mcMMO\backup\2026-07-26 14-25-35.zip
D:\.1 Work Stations\RootMC\Server Live Backups\2. RootMC - Towny\plugins\mcMMO\backup\2026-07-26 14-26-54.zip
D:\.1 Work Stations\RootMC\Server Live Backups\2. RootMC - Towny\plugins\mcMMO\backup\2026-07-26 14-28-15.zip
D:\.1 Work Stations\RootMC\Server Live Backups\2. RootMC - Towny\plugins\mcMMO\backup\2026-07-26 14-29-35.zip
D:\.1 Work Stations\RootMC\Server Live Backups\2. RootMC - Towny\plugins\mcMMO\backup\2026-07-26 14-30-54.zip
D:\.1 Work Stations\RootMC\Server Live Backups\2. RootMC - Towny\plugins\mcMMO\backup\2026-07-26 14-32-15.zip
D:\.1 Work Stations\RootMC\Server Live Backups\2. RootMC - Towny\plugins\mcMMO\backup\2026-07-26 14-33-35.zip
D:\.1 Work Stations\RootMC\Server Live Backups\2. RootMC - Towny\plugins\mcMMO\backup\2026-07-26 14-34-56.zip
D:\.1 Work Stations\RootMC\Server Live Backups\2. RootMC - Towny\plugins\mcMMO\backup\2026-07-26 14-36-15.zip
D:\.1 Work Stations\RootMC\Server Live Backups\2. RootMC - Towny\plugins\mcMMO\backup\2026-07-26 14-37-36.zip
D:\.1 Work Stations\RootMC\Server Live Backups\2. RootMC - Towny\plugins\mcMMO\backup\2026-07-26 14-38-55.zip
D:\.1 Work Stations\RootMC\Server Live Backups\2. RootMC - Towny\plugins\mcMMO\backup\2026-07-26 14-40-15.zip
D:\.1 Work Stations\RootMC\Server Live Backups\2. RootMC - Towny\plugins\mcMMO\backup\2026-07-26 14-41-35.zip
D:\.1 Work Stations\RootMC\Server Live Backups\2. RootMC - Towny\plugins\mcMMO\backup\2026-07-26 14-42-53.zip
D:\.1 Work Stations\RootMC\Server Live Backups\2. RootMC - Towny\plugins\mcMMO\backup\2026-07-26 14-44-14.zip
D:\.1 Work Stations\RootMC\Server Live Backups\2. RootMC - Towny\plugins\mcMMO\backup\2026-07-26 14-45-34.zip
D:\.1 Work Stations\RootMC\Server Live Backups\2. RootMC - Towny\plugins\mcMMO\backup\2026-07-26 14-46-55.zip
D:\.1 Work Stations\RootMC\Server Live Backups\2. RootMC - Towny\plugins\mcMMO\backup\2026-07-26 14-48-16.zip
D:\.1 Work Stations\RootMC\Server Live Backups\2. RootMC - Towny\plugins\mcMMO\backup\2026-07-26 14-49-33.zip
D:\.1 Work Stations\RootMC\Server Live Backups\2. RootMC - Towny\plugins\mcMMO\backup\2026-07-26 14-50-54.zip
D:\.1 Work Stations\RootMC\Server Live Backups\2. RootMC - Towny\plugins\mcMMO\backup\2026-07-26 14-52-15.zip
D:\.1 Work Stations\RootMC\Server Live Backups\2. RootMC - Towny\plugins\mcMMO\backup\2026-07-26 14-53-39.zip
D:\.1 Work Stations\RootMC\Server Live Backups\2. RootMC - Towny\plugins\mcMMO\backup\2026-07-26 14-55-01.zip
D:\.1 Work Stations\RootMC\Server Live Backups\2. RootMC - Towny\plugins\mcMMO\backup\2026-07-26 14-56-22.zip
D:\.1 Work Stations\RootMC\Server Live Backups\2. RootMC - Towny\plugins\mcMMO\backup\2026-07-26 14-57-46.zip
D:\.1 Work Stations\RootMC\Server Live Backups\2. RootMC - Towny\plugins\mcMMO\backup\2026-07-26 14-59-07.zip
D:\.1 Work Stations\RootMC\Server Live Backups\2. RootMC - Towny\plugins\mcMMO\backup\2026-07-26 15-00-31.zip
D:\.1 Work Stations\RootMC\Server Live Backups\2. RootMC - Towny\plugins\mcMMO\backup\2026-07-26 15-01-50.zip
D:\.1 Work Stations\RootMC\Server Live Backups\2. RootMC - Towny\plugins\mcMMO\backup\2026-07-26 15-03-13.zip
D:\.1 Work Stations\RootMC\Server Live Backups\2. RootMC - Towny\plugins\mcMMO\backup\2026-07-26 15-04-32.zip
D:\.1 Work Stations\RootMC\Server Live Backups\2. RootMC - Towny\plugins\mcMMO\backup\2026-07-26 15-05-51.zip
D:\.1 Work Stations\RootMC\Server Live Backups\2. RootMC - Towny\plugins\mcMMO\backup\2026-07-26 15-07-10.zip
D:\.1 Work Stations\RootMC\Server Live Backups\2. RootMC - Towny\plugins\mcMMO\backup\2026-07-26 15-08-30.zip
D:\.1 Work Stations\RootMC\Server Live Backups\2. RootMC - Towny\plugins\mcMMO\backup\2026-07-26 15-09-52.zip
D:\.1 Work Stations\RootMC\Server Live Backups\2. RootMC - Towny\plugins\mcMMO\backup\2026-07-26 15-11-10.zip
D:\.1 Work Stations\RootMC\Server Live Backups\2. RootMC - Towny\plugins\mcMMO\backup\2026-07-26 15-12-32.zip
D:\.1 Work Stations\RootMC\Server Live Backups\2. RootMC - Towny\plugins\mcMMO\backup\2026-07-26 15-13-54.zip
D:\.1 Work Stations\RootMC\Server Live Backups\2. RootMC - Towny\plugins\mcMMO\backup\2026-07-26 15-15-13.zip
D:\.1 Work Stations\RootMC\Server Live Backups\2. RootMC - Towny\plugins\mcMMO\backup\2026-07-26 15-16-35.zip
D:\.1 Work Stations\RootMC\Server Live Backups\2. RootMC - Towny\plugins\mcMMO\backup\2026-07-26 15-17-54.zip
D:\.1 Work Stations\RootMC\Server Live Backups\2. RootMC - Towny\plugins\mcMMO\backup\2026-07-26 15-19-16.zip
D:\.1 Work Stations\RootMC\Server Live Backups\2. RootMC - Towny\plugins\mcMMO\backup\2026-07-26 15-20-37.zip
D:\.1 Work Stations\RootMC\Server Live Backups\2. RootMC - Towny\plugins\mcMMO\backup\2026-07-26 15-21-57.zip
D:\.1 Work Stations\RootMC\Server Live Backups\2. RootMC - Towny\plugins\mcMMO\backup\2026-07-26 15-23-19.zip
D:\.1 Work Stations\RootMC\Server Live Backups\2. RootMC - Towny\plugins\mcMMO\backup\2026-07-26 15-24-37.zip
D:\.1 Work Stations\RootMC\Server Live Backups\2. RootMC - Towny\plugins\mcMMO\backup\2026-07-26 15-25-59.zip
D:\.1 Work Stations\RootMC\Server Live Backups\2. RootMC - Towny\plugins\mcMMO\backup\2026-07-26 15-27-18.zip
D:\.1 Work Stations\RootMC\Server Live Backups\2. RootMC - Towny\plugins\mcMMO\backup\2026-07-26 15-28-37.zip
D:\.1 Work Stations\RootMC\Server Live Backups\2. RootMC - Towny\plugins\mcMMO\backup\2026-07-26 15-29-58.zip
D:\.1 Work Stations\RootMC\Server Live Backups\2. RootMC - Towny\plugins\mcMMO\backup\2026-07-26 15-31-18.zip
D:\.1 Work Stations\RootMC\Server Live Backups\2. RootMC - Towny\plugins\mcMMO\backup\2026-07-26 15-32-40.zip
D:\.1 Work Stations\RootMC\Server Live Backups\2. RootMC - Towny\plugins\mcMMO\backup\2026-07-26 15-34-00.zip
D:\.1 Work Stations\RootMC\Server Live Backups\2. RootMC - Towny\plugins\mcMMO\backup\2026-07-26 15-35-22.zip
D:\.1 Work Stations\RootMC\Server Live Backups\2. RootMC - Towny\plugins\mcMMO\backup\2026-07-26 15-42-07.zip
D:\.1 Work Stations\RootMC\Server Live Backups\2. RootMC - Towny\plugins\mcMMO\backup\2026-07-26 15-43-27.zip
D:\.1 Work Stations\RootMC\Server Live Backups\2. RootMC - Towny\plugins\mcMMO\backup\2026-07-26 15-44-48.zip
D:\.1 Work Stations\RootMC\Server Live Backups\2. RootMC - Towny\plugins\mcMMO\backup\2026-07-26 15-46-08.zip
D:\.1 Work Stations\RootMC\Server Live Backups\2. RootMC - Towny\plugins\mcMMO\backup\2026-07-26 15-47-27.zip
D:\.1 Work Stations\RootMC\Server Live Backups\2. RootMC - Towny\plugins\mcMMO\backup\2026-07-26 15-48-49.zip
D:\.1 Work Stations\RootMC\Server Live Backups\2. RootMC - Towny\plugins\mcMMO\backup\2026-07-26 15-50-09.zip
D:\.1 Work Stations\RootMC\Server Live Backups\2. RootMC - Towny\plugins\mcMMO\backup\2026-07-26 15-51-32.zip
D:\.1 Work Stations\RootMC\Server Live Backups\2. RootMC - Towny\plugins\mcMMO\backup\2026-07-26 15-52-50.zip
D:\.1 Work Stations\RootMC\Server Live Backups\2. RootMC - Towny\plugins\mcMMO\backup\2026-07-26 15-54-12.zip
D:\.1 Work Stations\RootMC\Server Live Backups\2. RootMC - Towny\plugins\mcMMO\backup\2026-07-26 15-55-36.zip
D:\.1 Work Stations\RootMC\Server Live Backups\2. RootMC - Towny\plugins\mcMMO\backup\2026-07-26 15-56-55.zip
D:\.1 Work Stations\RootMC\Server Live Backups\2. RootMC - Towny\plugins\mcMMO\backup\2026-07-26 15-58-18.zip
D:\.1 Work Stations\RootMC\Server Live Backups\2. RootMC - Towny\plugins\mcMMO\backup\2026-07-26 15-59-38.zip
D:\.1 Work Stations\RootMC\Server Live Backups\2. RootMC - Towny\plugins\mcMMO\backup\2026-07-26 16-01-00.zip
D:\.1 Work Stations\RootMC\Server Live Backups\2. RootMC - Towny\plugins\mcMMO\backup\2026-07-26 16-02-20.zip
D:\.1 Work Stations\RootMC\Server Live Backups\2. RootMC - Towny\plugins\mcMMO\backup\2026-07-26 16-03-40.zip
D:\.1 Work Stations\RootMC\Server Live Backups\2. RootMC - Towny\plugins\mcMMO\backup\2026-07-26 16-05-06.zip
D:\.1 Work Stations\RootMC\Server Live Backups\2. RootMC - Towny\plugins\mcMMO\backup\2026-07-26 16-06-26.zip
D:\.1 Work Stations\RootMC\Server Live Backups\2. RootMC - Towny\plugins\mcMMO\backup\2026-07-26 16-07-50.zip
D:\.1 Work Stations\RootMC\Server Live Backups\2. RootMC - Towny\plugins\mcMMO\backup\2026-07-26 16-09-12.zip
D:\.1 Work Stations\RootMC\Server Live Backups\2. RootMC - Towny\plugins\mcMMO\backup\2026-07-26 16-10-32.zip
D:\.1 Work Stations\RootMC\Server Live Backups\2. RootMC - Towny\plugins\mcMMO\backup\2026-07-26 16-11-52.zip
D:\.1 Work Stations\RootMC\Server Live Backups\2. RootMC - Towny\plugins\mcMMO\backup\2026-07-26 16-13-11.zip
D:\.1 Work Stations\RootMC\Server Live Backups\2. RootMC - Towny\plugins\mcMMO\backup\2026-07-26 16-14-31.zip
D:\.1 Work Stations\RootMC\Server Live Backups\2. RootMC - Towny\plugins\mcMMO\backup\2026-07-26 16-15-51.zip
D:\.1 Work Stations\RootMC\Server Live Backups\2. RootMC - Towny\plugins\mcMMO\backup\2026-07-26 16-17-13.zip
D:\.1 Work Stations\RootMC\Server Live Backups\2. RootMC - Towny\plugins\mcMMO\backup\2026-07-26 16-18-36.zip
D:\.1 Work Stations\RootMC\Server Live Backups\2. RootMC - Towny\plugins\mcMMO\backup\2026-07-26 16-19-57.zip
D:\.1 Work Stations\RootMC\Server Live Backups\2. RootMC - Towny\plugins\mcMMO\backup\2026-07-26 16-21-18.zip
D:\.1 Work Stations\RootMC\Server Live Backups\2. RootMC - Towny\plugins\mcMMO\backup\2026-07-26 16-22-37.zip
D:\.1 Work Stations\RootMC\Server Live Backups\2. RootMC - Towny\plugins\mcMMO\backup\2026-07-26 16-23-59.zip
D:\.1 Work Stations\RootMC\Server Live Backups\2. RootMC - Towny\plugins\mcMMO\backup\2026-07-26 16-25-20.zip
D:\.1 Work Stations\RootMC\Server Live Backups\2. RootMC - Towny\plugins\mcMMO\backup\2026-07-26 16-26-41.zip
D:\.1 Work Stations\RootMC\Server Live Backups\2. RootMC - Towny\plugins\mcMMO\backup\2026-07-26 16-28-03.zip
D:\.1 Work Stations\RootMC\Server Live Backups\2. RootMC - Towny\plugins\mcMMO\backup\2026-07-26 16-29-23.zip
D:\.1 Work Stations\RootMC\Server Live Backups\2. RootMC - Towny\plugins\mcMMO\backup\2026-07-26 16-30-44.zip
D:\.1 Work Stations\RootMC\Server Live Backups\2. RootMC - Towny\plugins\mcMMO\backup\2026-07-26 16-32-05.zip
D:\.1 Work Stations\RootMC\Server Live Backups\2. RootMC - Towny\plugins\mcMMO\backup\2026-07-26 16-33-27.zip
D:\.1 Work Stations\RootMC\Server Live Backups\2. RootMC - Towny\plugins\mcMMO\backup\2026-07-26 16-34-46.zip
D:\.1 Work Stations\RootMC\Server Live Backups\2. RootMC - Towny\plugins\mcMMO\backup\2026-07-26 16-36-08.zip
D:\.1 Work Stations\RootMC\Server Live Backups\2. RootMC - Towny\plugins\mcMMO\backup\2026-07-26 16-37-29.zip
D:\.1 Work Stations\RootMC\Server Live Backups\2. RootMC - Towny\plugins\mcMMO\backup\2026-07-26 16-38-48.zip
D:\.1 Work Stations\RootMC\Server Live Backups\2. RootMC - Towny\plugins\mcMMO\backup\2026-07-26 16-40-09.zip
D:\.1 Work Stations\RootMC\Server Live Backups\2. RootMC - Towny\plugins\mcMMO\backup\2026-07-26 16-41-29.zip
D:\.1 Work Stations\RootMC\Server Live Backups\2. RootMC - Towny\plugins\mcMMO\backup\2026-07-26 16-42-53.zip
D:\.1 Work Stations\RootMC\Server Live Backups\2. RootMC - Towny\plugins\mcMMO\backup\2026-07-26 16-44-12.zip
D:\.1 Work Stations\RootMC\Server Live Backups\2. RootMC - Towny\plugins\mcMMO\backup\2026-07-26 16-45-31.zip
D:\.1 Work Stations\RootMC\Server Live Backups\2. RootMC - Towny\plugins\mcMMO\backup\2026-07-26 16-46-52.zip
D:\.1 Work Stations\RootMC\Server Live Backups\2. RootMC - Towny\plugins\mcMMO\backup\2026-07-26 16-48-11.zip
D:\.1 Work Stations\RootMC\Server Live Backups\2. RootMC - Towny\plugins\mcMMO\backup\2026-07-26 16-49-36.zip
D:\.1 Work Stations\RootMC\Server Live Backups\2. RootMC - Towny\plugins\mcMMO\backup\2026-07-26 16-50-59.zip
D:\.1 Work Stations\RootMC\Server Live Backups\2. RootMC - Towny\plugins\mcMMO\backup\2026-07-26 16-52-23.zip
D:\.1 Work Stations\RootMC\Server Live Backups\2. RootMC - Towny\plugins\mcMMO\backup\2026-07-26 16-53-46.zip
D:\.1 Work Stations\RootMC\Server Live Backups\2. RootMC - Towny\plugins\mcMMO\backup\2026-07-26 16-55-08.zip
D:\.1 Work Stations\RootMC\Server Live Backups\2. RootMC - Towny\plugins\mcMMO\backup\2026-07-26 16-56-31.zip
D:\.1 Work Stations\RootMC\Server Live Backups\2. RootMC - Towny\plugins\mcMMO\backup\2026-07-26 16-57-52.zip
D:\.1 Work Stations\RootMC\Server Live Backups\2. RootMC - Towny\plugins\mcMMO\backup\2026-07-26 16-59-16.zip
D:\.1 Work Stations\RootMC\Server Live Backups\2. RootMC - Towny\plugins\mcMMO\backup\2026-07-26 17-00-38.zip
D:\.1 Work Stations\RootMC\Server Live Backups\2. RootMC - Towny\plugins\mcMMO\backup\2026-07-26 17-02-05.zip
D:\.1 Work Stations\RootMC\Server Live Backups\2. RootMC - Towny\plugins\mcMMO\backup\2026-07-26 17-03-29.zip
D:\.1 Work Stations\RootMC\Server Live Backups\2. RootMC - Towny\plugins\mcMMO\backup\2026-07-26 17-04-56.zip
D:\.1 Work Stations\RootMC\Server Live Backups\2. RootMC - Towny\plugins\mcMMO\backup\2026-07-26 17-06-18.zip
D:\.1 Work Stations\RootMC\Server Live Backups\2. RootMC - Towny\plugins\mcMMO\backup\2026-07-26 17-07-37.zip
D:\.1 Work Stations\RootMC\Server Live Backups\2. RootMC - Towny\plugins\mcMMO\backup\2026-07-26 17-08-59.zip
D:\.1 Work Stations\RootMC\Server Live Backups\2. RootMC - Towny\plugins\mcMMO\backup\2026-07-26 17-10-19.zip
D:\.1 Work Stations\RootMC\Server Live Backups\2. RootMC - Towny\plugins\mcMMO\backup\2026-07-26 17-11-40.zip
D:\.1 Work Stations\RootMC\Server Live Backups\2. RootMC - Towny\plugins\mcMMO\backup\2026-07-26 17-13-02.zip
D:\.1 Work Stations\RootMC\Server Live Backups\2. RootMC - Towny\plugins\mcMMO\backup\2026-07-26 17-14-23.zip
D:\.1 Work Stations\RootMC\Server Live Backups\2. RootMC - Towny\plugins\mcMMO\backup\2026-07-26 17-15-43.zip
D:\.1 Work Stations\RootMC\Server Live Backups\2. RootMC - Towny\plugins\mcMMO\backup\2026-07-26 17-17-04.zip
D:\.1 Work Stations\RootMC\Server Live Backups\2. RootMC - Towny\plugins\mcMMO\backup\2026-07-26 17-18-24.zip
D:\.1 Work Stations\RootMC\Server Live Backups\2. RootMC - Towny\plugins\mcMMO\backup\2026-07-26 17-19-42.zip
D:\.1 Work Stations\RootMC\Server Live Backups\2. RootMC - Towny\plugins\mcMMO\backup\2026-07-26 17-21-02.zip
D:\.1 Work Stations\RootMC\Server Live Backups\2. RootMC - Towny\plugins\mcMMO\backup\2026-07-26 17-22-22.zip
D:\.1 Work Stations\RootMC\Server Live Backups\2. RootMC - Towny\plugins\mcMMO\backup\2026-07-26 17-23-39.zip
D:\.1 Work Stations\RootMC\Server Live Backups\2. RootMC - Towny\plugins\mcMMO\backup\2026-07-26 17-25-01.zip
D:\.1 Work Stations\RootMC\Server Live Backups\2. RootMC - Towny\plugins\mcMMO\backup\2026-07-26 17-26-20.zip
D:\.1 Work Stations\RootMC\Server Live Backups\2. RootMC - Towny\plugins\mcMMO\backup\2026-07-26 17-27-40.zip
D:\.1 Work Stations\RootMC\Server Live Backups\2. RootMC - Towny\plugins\mcMMO\backup\2026-07-26 17-29-01.zip
D:\.1 Work Stations\RootMC\Server Live Backups\2. RootMC - Towny\plugins\mcMMO\backup\2026-07-26 17-30-20.zip
D:\.1 Work Stations\RootMC\Server Live Backups\2. RootMC - Towny\plugins\mcMMO\backup\2026-07-26 17-31-41.zip
D:\.1 Work Stations\RootMC\Server Live Backups\2. RootMC - Towny\plugins\mcMMO\backup\2026-07-26 17-33-01.zip
D:\.1 Work Stations\RootMC\Server Live Backups\2. RootMC - Towny\plugins\mcMMO\backup\2026-07-26 17-34-22.zip
D:\.1 Work Stations\RootMC\Server Live Backups\2. RootMC - Towny\plugins\mcMMO\backup\2026-07-26 17-35-42.zip
D:\.1 Work Stations\RootMC\Server Live Backups\2. RootMC - Towny\plugins\mcMMO\backup\2026-07-26 17-37-04.zip
D:\.1 Work Stations\RootMC\Server Live Backups\2. RootMC - Towny\plugins\mcMMO\backup\2026-07-26 17-38-28.zip
D:\.1 Work Stations\RootMC\Server Live Backups\2. RootMC - Towny\plugins\mcMMO\backup\2026-07-26 17-48-07.zip
D:\.1 Work Stations\RootMC\Server Live Backups\2. RootMC - Towny\plugins\mcMMO\backup\2026-07-26 21-22-34.zip
D:\.1 Work Stations\RootMC\Server Live Backups\2. RootMC - Towny\plugins\mcMMO\backup\2026-07-26 21-37-06.zip
D:\.1 Work Stations\RootMC\Server Live Backups\2. RootMC - Towny\plugins\mcMMO\backup\2026-07-27 01-59-59.zip
D:\.1 Work Stations\RootMC\Server Live Backups\2. RootMC - Towny\plugins\mcMMO\backup\2026-07-28 03-18-50.zip
D:\.1 Work Stations\RootMC\Server Live Backups\2. RootMC - Towny\plugins\mcMMO\backup\2026-07-29 06-25-33.zip
D:\.1 Work Stations\RootMC\Server Live Backups\2. RootMC - Towny\plugins\mcMMO\backup\2026-07-30 06-45-37.zip
D:\.1 Work Stations\RootMC\Server Live Backups\2. RootMC - Towny\plugins\mcMMO\backup\2026-07-31 03-29-11.zip
D:\.1 Work Stations\RootMC\Server Live Backups\2. RootMC - Towny\plugins\mcMMO\backup\2026-08-01 03-54-31.zip
D:\.1 Work Stations\RootMC\Server Live Backups\2. RootMC - Towny\plugins\mcMMO\backup\2026-08-01 06-56-07.zip
D:\.1 Work Stations\RootMC\Server Live Backups\2. RootMC - Towny\plugins\mcMMO\backup\2026-08-01 07-16-23.zip
D:\.1 Work Stations\RootMC\Server Live Backups\2. RootMC - Towny\plugins\mcMMO\backup\2026-08-01 08-17-43.zip
D:\.1 Work Stations\RootMC\Server Live Backups\2. RootMC - Towny\plugins\mcMMO\backup\2026-08-01 10-00-14.zip
D:\.1 Work Stations\RootMC\Server Live Backups\2. RootMC - Towny\plugins\mcMMO\backup\2026-08-01 22-27-07.zip
D:\.1 Work Stations\RootMC\Server Live Backups\2. RootMC - Towny\plugins\mcMMO\backup\2026-08-01 23-50-47.zip
D:\.1 Work Stations\RootMC\Server Live Backups\2. RootMC - Towny\plugins\Towny\data\plot-block-data\world\-276_447_16.zip
D:\.1 Work Stations\RootMC\Server Live Backups\2. RootMC - Towny\plugins\Towny\data\plot-block-data\world\-276_448_16.zip
D:\.1 Work Stations\RootMC\Server Live Backups\2. RootMC - Towny\plugins\Towny\data\plot-block-data\world\-276_449_16.zip
D:\.1 Work Stations\RootMC\Server Live Backups\2. RootMC - Towny\plugins\Towny\data\plot-block-data\world\-277_447_16.zip
D:\.1 Work Stations\RootMC\Server Live Backups\2. RootMC - Towny\plugins\Towny\data\plot-block-data\world\-277_448_16.zip
D:\.1 Work Stations\RootMC\Server Live Backups\2. RootMC - Towny\plugins\Towny\data\plot-block-data\world\-277_449_16.zip
D:\.1 Work Stations\RootMC\Server Live Backups\2. RootMC - Towny\plugins\Towny\data\plot-block-data\world\-278_447_16.zip
D:\.1 Work Stations\RootMC\Server Live Backups\2. RootMC - Towny\plugins\Towny\data\plot-block-data\world\-278_448_16.zip
D:\.1 Work Stations\RootMC\Server Live Backups\2. RootMC - Towny\plugins\Towny\data\plot-block-data\world\-45_-15_16.zip
D:\.1 Work Stations\RootMC\Server Live Backups\2. RootMC - Towny\plugins\Towny\data\plot-block-data\world\-45_-16_16.zip
D:\.1 Work Stations\RootMC\Server Live Backups\2. RootMC - Towny\plugins\Towny\data\plot-block-data\world\-46_-15_16.zip
D:\.1 Work Stations\RootMC\Server Live Backups\2. RootMC - Towny\plugins\Towny\data\plot-block-data\world\-46_-16_16.zip
D:\.1 Work Stations\RootMC\Server Live Backups\2. RootMC - Towny\plugins\Towny\data\plot-block-data\world\-471_-414_16.zip
D:\.1 Work Stations\RootMC\Server Live Backups\2. RootMC - Towny\plugins\Towny\data\plot-block-data\world\-471_-415_16.zip
D:\.1 Work Stations\RootMC\Server Live Backups\2. RootMC - Towny\plugins\Towny\data\plot-block-data\world\-471_-416_16.zip
D:\.1 Work Stations\RootMC\Server Live Backups\2. RootMC - Towny\plugins\Towny\data\plot-block-data\world\-472_-414_16.zip
D:\.1 Work Stations\RootMC\Server Live Backups\2. RootMC - Towny\plugins\Towny\data\plot-block-data\world\-472_-415_16.zip
D:\.1 Work Stations\RootMC\Server Live Backups\2. RootMC - Towny\plugins\Towny\data\plot-block-data\world\-472_-416_16.zip
D:\.1 Work Stations\RootMC\Server Live Backups\2. RootMC - Towny\plugins\Towny\data\plot-block-data\world\-473_-414_16.zip
D:\.1 Work Stations\RootMC\Server Live Backups\2. RootMC - Towny\plugins\Towny\data\plot-block-data\world\-473_-415_16.zip
D:\.1 Work Stations\RootMC\Server Live Backups\2. RootMC - Towny\plugins\Towny\data\plot-block-data\world\-473_-416_16.zip
D:\.1 Work Stations\RootMC\Server Live Backups\2. RootMC - Towny\plugins\Towny\data\plot-block-data\world\-47_-15_16.zip
D:\.1 Work Stations\RootMC\Server Live Backups\2. RootMC - Towny\plugins\Towny\data\plot-block-data\world\-47_-16_16.zip
D:\.1 Work Stations\RootMC\Server Live Backups\2. RootMC - Towny\plugins\Towny\data\plot-block-data\world\-48_-15_16.zip
D:\.1 Work Stations\RootMC\Server Live Backups\2. RootMC - Towny\plugins\Towny\data\plot-block-data\world\-48_-16_16.zip
D:\.1 Work Stations\RootMC\Server Live Backups\2. RootMC - Towny\plugins\Towny\data\plot-block-data\world\-48_-8_16.zip
D:\.1 Work Stations\RootMC\Server Live Backups\2. RootMC - Towny\plugins\Towny\data\plot-block-data\world\-49_-14_16.zip
D:\.1 Work Stations\RootMC\Server Live Backups\2. RootMC - Towny\plugins\Towny\data\plot-block-data\world\-49_-15_16.zip
D:\.1 Work Stations\RootMC\Server Live Backups\2. RootMC - Towny\plugins\Towny\data\plot-block-data\world\-49_-16_16.zip
D:\.1 Work Stations\RootMC\Server Live Backups\2. RootMC - Towny\plugins\Towny\data\plot-block-data\world\-49_-7_16.zip
D:\.1 Work Stations\RootMC\Server Live Backups\2. RootMC - Towny\plugins\Towny\data\plot-block-data\world\-49_-8_16.zip
D:\.1 Work Stations\RootMC\Server Live Backups\2. RootMC - Towny\plugins\Towny\data\plot-block-data\world\-49_-9_16.zip
D:\.1 Work Stations\RootMC\Server Live Backups\2. RootMC - Towny\plugins\Towny\data\plot-block-data\world\-50_-13_16.zip
D:\.1 Work Stations\RootMC\Server Live Backups\2. RootMC - Towny\plugins\Towny\data\plot-block-data\world\-50_-14_16.zip
D:\.1 Work Stations\RootMC\Server Live Backups\2. RootMC - Towny\plugins\Towny\data\plot-block-data\world\-50_-15_16.zip
D:\.1 Work Stations\RootMC\Server Live Backups\2. RootMC - Towny\plugins\Towny\data\plot-block-data\world\-50_-16_16.zip
D:\.1 Work Stations\RootMC\Server Live Backups\2. RootMC - Towny\plugins\Towny\data\plot-block-data\world\-50_-7_16.zip
D:\.1 Work Stations\RootMC\Server Live Backups\2. RootMC - Towny\plugins\Towny\data\plot-block-data\world\-50_-8_16.zip
D:\.1 Work Stations\RootMC\Server Live Backups\2. RootMC - Towny\plugins\Towny\data\plot-block-data\world\-50_-9_16.zip
D:\.1 Work Stations\RootMC\Server Live Backups\2. RootMC - Towny\plugins\Towny\data\plot-block-data\world\-51_-13_16.zip
D:\.1 Work Stations\RootMC\Server Live Backups\2. RootMC - Towny\plugins\Towny\data\plot-block-data\world\-51_-14_16.zip
D:\.1 Work Stations\RootMC\Server Live Backups\2. RootMC - Towny\plugins\Towny\data\plot-block-data\world\-51_-15_16.zip
D:\.1 Work Stations\RootMC\Server Live Backups\2. RootMC - Towny\plugins\Towny\data\plot-block-data\world\-51_-16_16.zip
D:\.1 Work Stations\RootMC\Server Live Backups\2. RootMC - Towny\plugins\Towny\data\plot-block-data\world\-51_-17_16.zip
D:\.1 Work Stations\RootMC\Server Live Backups\2. RootMC - Towny\plugins\Towny\data\plot-block-data\world\-51_-26_16.zip
D:\.1 Work Stations\RootMC\Server Live Backups\2. RootMC - Towny\plugins\Towny\data\plot-block-data\world\-51_-27_16.zip
D:\.1 Work Stations\RootMC\Server Live Backups\2. RootMC - Towny\plugins\Towny\data\plot-block-data\world\-51_-28_16.zip
D:\.1 Work Stations\RootMC\Server Live Backups\2. RootMC - Towny\plugins\Towny\data\plot-block-data\world\-51_-7_16.zip
D:\.1 Work Stations\RootMC\Server Live Backups\2. RootMC - Towny\plugins\Towny\data\plot-block-data\world\-51_-8_16.zip
D:\.1 Work Stations\RootMC\Server Live Backups\2. RootMC - Towny\plugins\Towny\data\plot-block-data\world\-51_-9_16.zip
D:\.1 Work Stations\RootMC\Server Live Backups\2. RootMC - Towny\plugins\Towny\data\plot-block-data\world\-52_-13_16.zip
D:\.1 Work Stations\RootMC\Server Live Backups\2. RootMC - Towny\plugins\Towny\data\plot-block-data\world\-52_-14_16.zip
D:\.1 Work Stations\RootMC\Server Live Backups\2. RootMC - Towny\plugins\Towny\data\plot-block-data\world\-52_-15_16.zip
D:\.1 Work Stations\RootMC\Server Live Backups\2. RootMC - Towny\plugins\Towny\data\plot-block-data\world\-52_-16_16.zip
D:\.1 Work Stations\RootMC\Server Live Backups\2. RootMC - Towny\plugins\Towny\data\plot-block-data\world\-52_-17_16.zip
D:\.1 Work Stations\RootMC\Server Live Backups\2. RootMC - Towny\plugins\Towny\data\plot-block-data\world\-52_-26_16.zip
D:\.1 Work Stations\RootMC\Server Live Backups\2. RootMC - Towny\plugins\Towny\data\plot-block-data\world\-52_-27_16.zip
D:\.1 Work Stations\RootMC\Server Live Backups\2. RootMC - Towny\plugins\Towny\data\plot-block-data\world\-52_-28_16.zip
D:\.1 Work Stations\RootMC\Server Live Backups\2. RootMC - Towny\plugins\Towny\data\plot-block-data\world\-52_-7_16.zip
D:\.1 Work Stations\RootMC\Server Live Backups\2. RootMC - Towny\plugins\Towny\data\plot-block-data\world\-52_-8_16.zip
D:\.1 Work Stations\RootMC\Server Live Backups\2. RootMC - Towny\plugins\Towny\data\plot-block-data\world\-52_-9_16.zip
D:\.1 Work Stations\RootMC\Server Live Backups\2. RootMC - Towny\plugins\Towny\data\plot-block-data\world\-53_-10_16.zip
D:\.1 Work Stations\RootMC\Server Live Backups\2. RootMC - Towny\plugins\Towny\data\plot-block-data\world\-53_-11_16.zip
D:\.1 Work Stations\RootMC\Server Live Backups\2. RootMC - Towny\plugins\Towny\data\plot-block-data\world\-53_-12_16.zip
D:\.1 Work Stations\RootMC\Server Live Backups\2. RootMC - Towny\plugins\Towny\data\plot-block-data\world\-53_-13_16.zip
D:\.1 Work Stations\RootMC\Server Live Backups\2. RootMC - Towny\plugins\Towny\data\plot-block-data\world\-53_-14_16.zip
D:\.1 Work Stations\RootMC\Server Live Backups\2. RootMC - Towny\plugins\Towny\data\plot-block-data\world\-53_-15_16.zip
D:\.1 Work Stations\RootMC\Server Live Backups\2. RootMC - Towny\plugins\Towny\data\plot-block-data\world\-53_-16_16.zip
D:\.1 Work Stations\RootMC\Server Live Backups\2. RootMC - Towny\plugins\Towny\data\plot-block-data\world\-53_-17_16.zip
D:\.1 Work Stations\RootMC\Server Live Backups\2. RootMC - Towny\plugins\Towny\data\plot-block-data\world\-53_-26_16.zip
D:\.1 Work Stations\RootMC\Server Live Backups\2. RootMC - Towny\plugins\Towny\data\plot-block-data\world\-53_-27_16.zip
D:\.1 Work Stations\RootMC\Server Live Backups\2. RootMC - Towny\plugins\Towny\data\plot-block-data\world\-53_-28_16.zip
D:\.1 Work Stations\RootMC\Server Live Backups\2. RootMC - Towny\plugins\Towny\data\plot-block-data\world\-53_-7_16.zip
D:\.1 Work Stations\RootMC\Server Live Backups\2. RootMC - Towny\plugins\Towny\data\plot-block-data\world\-53_-8_16.zip
D:\.1 Work Stations\RootMC\Server Live Backups\2. RootMC - Towny\plugins\Towny\data\plot-block-data\world\-53_-9_16.zip
D:\.1 Work Stations\RootMC\Server Live Backups\2. RootMC - Towny\plugins\Towny\data\plot-block-data\world\-54_-10_16.zip
D:\.1 Work Stations\RootMC\Server Live Backups\2. RootMC - Towny\plugins\Towny\data\plot-block-data\world\-54_-11_16.zip
D:\.1 Work Stations\RootMC\Server Live Backups\2. RootMC - Towny\plugins\Towny\data\plot-block-data\world\-54_-12_16.zip
D:\.1 Work Stations\RootMC\Server Live Backups\2. RootMC - Towny\plugins\Towny\data\plot-block-data\world\-54_-13_16.zip
D:\.1 Work Stations\RootMC\Server Live Backups\2. RootMC - Towny\plugins\Towny\data\plot-block-data\world\-54_-14_16.zip
D:\.1 Work Stations\RootMC\Server Live Backups\2. RootMC - Towny\plugins\Towny\data\plot-block-data\world\-54_-15_16.zip
D:\.1 Work Stations\RootMC\Server Live Backups\2. RootMC - Towny\plugins\Towny\data\plot-block-data\world\-54_-16_16.zip
D:\.1 Work Stations\RootMC\Server Live Backups\2. RootMC - Towny\plugins\Towny\data\plot-block-data\world\-54_-17_16.zip
D:\.1 Work Stations\RootMC\Server Live Backups\2. RootMC - Towny\plugins\Towny\data\plot-block-data\world\-54_-25_16.zip
D:\.1 Work Stations\RootMC\Server Live Backups\2. RootMC - Towny\plugins\Towny\data\plot-block-data\world\-54_-26_16.zip
D:\.1 Work Stations\RootMC\Server Live Backups\2. RootMC - Towny\plugins\Towny\data\plot-block-data\world\-54_-27_16.zip
D:\.1 Work Stations\RootMC\Server Live Backups\2. RootMC - Towny\plugins\Towny\data\plot-block-data\world\-54_-28_16.zip
D:\.1 Work Stations\RootMC\Server Live Backups\2. RootMC - Towny\plugins\Towny\data\plot-block-data\world\-54_-7_16.zip
D:\.1 Work Stations\RootMC\Server Live Backups\2. RootMC - Towny\plugins\Towny\data\plot-block-data\world\-54_-8_16.zip
D:\.1 Work Stations\RootMC\Server Live Backups\2. RootMC - Towny\plugins\Towny\data\plot-block-data\world\-54_-9_16.zip
D:\.1 Work Stations\RootMC\Server Live Backups\2. RootMC - Towny\plugins\Towny\data\plot-block-data\world\-55_-10_16.zip
D:\.1 Work Stations\RootMC\Server Live Backups\2. RootMC - Towny\plugins\Towny\data\plot-block-data\world\-55_-11_16.zip
D:\.1 Work Stations\RootMC\Server Live Backups\2. RootMC - Towny\plugins\Towny\data\plot-block-data\world\-55_-12_16.zip
D:\.1 Work Stations\RootMC\Server Live Backups\2. RootMC - Towny\plugins\Towny\data\plot-block-data\world\-55_-13_16.zip
D:\.1 Work Stations\RootMC\Server Live Backups\2. RootMC - Towny\plugins\Towny\data\plot-block-data\world\-55_-14_16.zip
D:\.1 Work Stations\RootMC\Server Live Backups\2. RootMC - Towny\plugins\Towny\data\plot-block-data\world\-55_-15_16.zip
D:\.1 Work Stations\RootMC\Server Live Backups\2. RootMC - Towny\plugins\Towny\data\plot-block-data\world\-55_-16_16.zip
D:\.1 Work Stations\RootMC\Server Live Backups\2. RootMC - Towny\plugins\Towny\data\plot-block-data\world\-55_-21_16.zip
D:\.1 Work Stations\RootMC\Server Live Backups\2. RootMC - Towny\plugins\Towny\data\plot-block-data\world\-55_-22_16.zip
D:\.1 Work Stations\RootMC\Server Live Backups\2. RootMC - Towny\plugins\Towny\data\plot-block-data\world\-55_-23_16.zip
D:\.1 Work Stations\RootMC\Server Live Backups\2. RootMC - Towny\plugins\Towny\data\plot-block-data\world\-55_-24_16.zip
D:\.1 Work Stations\RootMC\Server Live Backups\2. RootMC - Towny\plugins\Towny\data\plot-block-data\world\-55_-25_16.zip
D:\.1 Work Stations\RootMC\Server Live Backups\2. RootMC - Towny\plugins\Towny\data\plot-block-data\world\-55_-26_16.zip
D:\.1 Work Stations\RootMC\Server Live Backups\2. RootMC - Towny\plugins\Towny\data\plot-block-data\world\-55_-27_16.zip
D:\.1 Work Stations\RootMC\Server Live Backups\2. RootMC - Towny\plugins\Towny\data\plot-block-data\world\-55_-28_16.zip
D:\.1 Work Stations\RootMC\Server Live Backups\2. RootMC - Towny\plugins\Towny\data\plot-block-data\world\-55_-29_16.zip
D:\.1 Work Stations\RootMC\Server Live Backups\2. RootMC - Towny\plugins\Towny\data\plot-block-data\world\-55_-7_16.zip
D:\.1 Work Stations\RootMC\Server Live Backups\2. RootMC - Towny\plugins\Towny\data\plot-block-data\world\-55_-8_16.zip
D:\.1 Work Stations\RootMC\Server Live Backups\2. RootMC - Towny\plugins\Towny\data\plot-block-data\world\-55_-9_16.zip
D:\.1 Work Stations\RootMC\Server Live Backups\2. RootMC - Towny\plugins\Towny\data\plot-block-data\world\-56_-10_16.zip
D:\.1 Work Stations\RootMC\Server Live Backups\2. RootMC - Towny\plugins\Towny\data\plot-block-data\world\-56_-11_16.zip
D:\.1 Work Stations\RootMC\Server Live Backups\2. RootMC - Towny\plugins\Towny\data\plot-block-data\world\-56_-12_16.zip
D:\.1 Work Stations\RootMC\Server Live Backups\2. RootMC - Towny\plugins\Towny\data\plot-block-data\world\-56_-13_16.zip
D:\.1 Work Stations\RootMC\Server Live Backups\2. RootMC - Towny\plugins\Towny\data\plot-block-data\world\-56_-14_16.zip
D:\.1 Work Stations\RootMC\Server Live Backups\2. RootMC - Towny\plugins\Towny\data\plot-block-data\world\-56_-15_16.zip
D:\.1 Work Stations\RootMC\Server Live Backups\2. RootMC - Towny\plugins\Towny\data\plot-block-data\world\-56_-16_16.zip
D:\.1 Work Stations\RootMC\Server Live Backups\2. RootMC - Towny\plugins\Towny\data\plot-block-data\world\-56_-21_16.zip
D:\.1 Work Stations\RootMC\Server Live Backups\2. RootMC - Towny\plugins\Towny\data\plot-block-data\world\-56_-22_16.zip
D:\.1 Work Stations\RootMC\Server Live Backups\2. RootMC - Towny\plugins\Towny\data\plot-block-data\world\-56_-23_16.zip
D:\.1 Work Stations\RootMC\Server Live Backups\2. RootMC - Towny\plugins\Towny\data\plot-block-data\world\-56_-24_16.zip
D:\.1 Work Stations\RootMC\Server Live Backups\2. RootMC - Towny\plugins\Towny\data\plot-block-data\world\-56_-26_16.zip
D:\.1 Work Stations\RootMC\Server Live Backups\2. RootMC - Towny\plugins\Towny\data\plot-block-data\world\-56_-27_16.zip
D:\.1 Work Stations\RootMC\Server Live Backups\2. RootMC - Towny\plugins\Towny\data\plot-block-data\world\-56_-28_16.zip
D:\.1 Work Stations\RootMC\Server Live Backups\2. RootMC - Towny\plugins\Towny\data\plot-block-data\world\-56_-29_16.zip
D:\.1 Work Stations\RootMC\Server Live Backups\2. RootMC - Towny\plugins\Towny\data\plot-block-data\world\-56_-7_16.zip
D:\.1 Work Stations\RootMC\Server Live Backups\2. RootMC - Towny\plugins\Towny\data\plot-block-data\world\-56_-8_16.zip
D:\.1 Work Stations\RootMC\Server Live Backups\2. RootMC - Towny\plugins\Towny\data\plot-block-data\world\-56_-9_16.zip
D:\.1 Work Stations\RootMC\Server Live Backups\2. RootMC - Towny\plugins\Towny\data\plot-block-data\world\-57_-13_16.zip
D:\.1 Work Stations\RootMC\Server Live Backups\2. RootMC - Towny\plugins\Towny\data\plot-block-data\world\-57_-14_16.zip
D:\.1 Work Stations\RootMC\Server Live Backups\2. RootMC - Towny\plugins\Towny\data\plot-block-data\world\-57_-15_16.zip
D:\.1 Work Stations\RootMC\Server Live Backups\2. RootMC - Towny\plugins\Towny\data\plot-block-data\world\-57_-16_16.zip
D:\.1 Work Stations\RootMC\Server Live Backups\2. RootMC - Towny\plugins\Towny\data\plot-block-data\world\-57_-27_16.zip
D:\.1 Work Stations\RootMC\Server Live Backups\2. RootMC - Towny\plugins\Towny\data\plot-block-data\world\-57_-28_16.zip
D:\.1 Work Stations\RootMC\Server Live Backups\2. RootMC - Towny\plugins\Towny\data\plot-block-data\world\-57_-29_16.zip
D:\.1 Work Stations\RootMC\Server Live Backups\2. RootMC - Towny\plugins\Towny\data\plot-block-data\world\-57_-7_16.zip
D:\.1 Work Stations\RootMC\Server Live Backups\2. RootMC - Towny\plugins\Towny\data\plot-block-data\world\-57_-8_16.zip
D:\.1 Work Stations\RootMC\Server Live Backups\2. RootMC - Towny\plugins\Towny\data\plot-block-data\world\-57_-9_16.zip
D:\.1 Work Stations\RootMC\Server Live Backups\2. RootMC - Towny\plugins\Towny\data\plot-block-data\world\-58_-13_16.zip
D:\.1 Work Stations\RootMC\Server Live Backups\2. RootMC - Towny\plugins\Towny\data\plot-block-data\world\-58_-14_16.zip
D:\.1 Work Stations\RootMC\Server Live Backups\2. RootMC - Towny\plugins\Towny\data\plot-block-data\world\-58_-15_16.zip
D:\.1 Work Stations\RootMC\Server Live Backups\2. RootMC - Towny\plugins\Towny\data\plot-block-data\world\-58_-16_16.zip
D:\.1 Work Stations\RootMC\Server Live Backups\2. RootMC - Towny\plugins\Towny\data\plot-block-data\world\-58_-7_16.zip
D:\.1 Work Stations\RootMC\Server Live Backups\2. RootMC - Towny\plugins\Towny\data\plot-block-data\world\-58_-8_16.zip
D:\.1 Work Stations\RootMC\Server Live Backups\2. RootMC - Towny\plugins\Towny\data\plot-block-data\world\-58_-9_16.zip
D:\.1 Work Stations\RootMC\Server Live Backups\2. RootMC - Towny\plugins\Towny\data\plot-block-data\world\-59_-13_16.zip
D:\.1 Work Stations\RootMC\Server Live Backups\2. RootMC - Towny\plugins\Towny\data\plot-block-data\world\-59_-14_16.zip
D:\.1 Work Stations\RootMC\Server Live Backups\2. RootMC - Towny\plugins\Towny\data\plot-block-data\world\-59_-15_16.zip
D:\.1 Work Stations\RootMC\Server Live Backups\2. RootMC - Towny\plugins\Towny\data\plot-block-data\world\-59_-16_16.zip
D:\.1 Work Stations\RootMC\Server Live Backups\2. RootMC - Towny\plugins\Towny\data\plot-block-data\world\-60_-14_16.zip
D:\.1 Work Stations\RootMC\Server Live Backups\2. RootMC - Towny\plugins\Towny\data\plot-block-data\world\-60_-15_16.zip
D:\.1 Work Stations\RootMC\Server Live Backups\2. RootMC - Towny\plugins\Towny\data\plot-block-data\world\-60_-16_16.zip
D:\.1 Work Stations\RootMC\Server Live Backups\2. RootMC - Towny\plugins\Towny\data\plot-block-data\world\-61_-14_16.zip
D:\.1 Work Stations\RootMC\Server Live Backups\2. RootMC - Towny\plugins\Towny\data\plot-block-data\world\-61_-15_16.zip
D:\.1 Work Stations\RootMC\Server Live Backups\2. RootMC - Towny\plugins\Towny\data\plot-block-data\world\-61_-16_16.zip
D:\.1 Work Stations\RootMC\Server Live Backups\2. RootMC - Towny\plugins\Towny\data\plot-block-data\world\-76_-437_16.zip
D:\.1 Work Stations\RootMC\Server Live Backups\2. RootMC - Towny\pregen3backup\bluemap\resourceExtensions.zip
D:\.1 Work Stations\RootMC\Server Live Backups\2. RootMC - Towny\pregen3backup\plugins\mcMMO\backup\2026-06-06 07-15-41.zip
D:\.1 Work Stations\RootMC\Server Live Backups\2. RootMC - Towny\pregen3backup\plugins\mcMMO\backup\2026-06-11 04-10-44.zip
D:\.1 Work Stations\RootMC\Server Live Backups\2. RootMC - Towny\pregen3backup\plugins\mcMMO\backup\2026-06-17 04-30-01.zip
D:\.1 Work Stations\RootMC\Server Live Backups\2. RootMC - Towny\pregen3backup\plugins\mcMMO\backup\2026-06-25 06-33-14.zip
D:\.1 Work Stations\RootMC\Server Live Backups\2. RootMC - Towny\pregen3backup\plugins\mcMMO\backup\2026-07-01 21-01-48.zip
D:\.1 Work Stations\RootMC\Server Live Backups\2. RootMC - Towny\pregen3backup\plugins\mcMMO\backup\2026-07-05 01-42-24.zip
D:\.1 Work Stations\RootMC\Server Live Backups\2. RootMC - Towny\pregen3backup\plugins\mcMMO\backup\2026-07-12 21-47-22.zip
D:\.1 Work Stations\RootMC\Server Live Backups\2. RootMC - Towny\pregen3backup\plugins\mcMMO\backup\2026-07-15 03-44-19.zip
D:\.1 Work Stations\RootMC\Server Live Backups\2. RootMC - Towny\pregen3backup\plugins\mcMMO\backup\2026-07-16 20-52-57.zip
D:\.1 Work Stations\RootMC\Server Live Backups\2. RootMC - Towny\pregen3backup\plugins\mcMMO\backup\2026-07-17 21-49-12.zip
D:\.1 Work Stations\RootMC\Server Live Backups\2. RootMC - Towny\pregen3backup\plugins\mcMMO\backup\2026-07-18 20-22-34.zip
D:\.1 Work Stations\RootMC\Server Live Backups\2. RootMC - Towny\pregen3backup\plugins\mcMMO\backup\2026-07-19 22-14-52.zip
D:\.1 Work Stations\RootMC\Server Live Backups\2. RootMC - Towny\pregen3backup\plugins\mcMMO\backup\2026-07-20 07-27-59.zip
D:\.1 Work Stations\RootMC\Server Live Backups\2. RootMC - Towny\pregen3backup\plugins\mcMMO\backup\2026-07-20 10-00-11.zip
D:\.1 Work Stations\RootMC\Server Live Backups\2. RootMC - Towny\pregen3backup\plugins\mcMMO\backup\2026-07-21 04-12-51.zip
D:\.1 Work Stations\RootMC\Server Live Backups\2. RootMC - Towny\pregen3backup\plugins\mcMMO\backup\2026-07-21 10-00-08.zip
D:\.1 Work Stations\RootMC\Server Live Backups\2. RootMC - Towny\pregen3backup\plugins\mcMMO\backup\2026-07-21 23-44-09.zip
D:\.1 Work Stations\RootMC\Server Live Backups\2. RootMC - Towny\pregen3backup\plugins\mcMMO\backup\2026-07-21 23-47-19.zip
D:\.1 Work Stations\RootMC\Server Live Backups\2. RootMC - Towny\pregen3backup\plugins\mcMMO\backup\2026-07-22 00-10-31.zip
D:\.1 Work Stations\RootMC\Server Live Backups\2. RootMC - Towny\pregen3backup\plugins\mcMMO\backup\2026-07-22 06-06-54.zip
D:\.1 Work Stations\RootMC\Server Live Backups\2. RootMC - Towny\pregen3backup\plugins\Towny\data\plot-block-data\world\-276_447_16.zip
D:\.1 Work Stations\RootMC\Server Live Backups\2. RootMC - Towny\pregen3backup\plugins\Towny\data\plot-block-data\world\-276_448_16.zip
D:\.1 Work Stations\RootMC\Server Live Backups\2. RootMC - Towny\pregen3backup\plugins\Towny\data\plot-block-data\world\-276_449_16.zip
D:\.1 Work Stations\RootMC\Server Live Backups\2. RootMC - Towny\pregen3backup\plugins\Towny\data\plot-block-data\world\-277_447_16.zip
D:\.1 Work Stations\RootMC\Server Live Backups\2. RootMC - Towny\pregen3backup\plugins\Towny\data\plot-block-data\world\-277_448_16.zip
D:\.1 Work Stations\RootMC\Server Live Backups\2. RootMC - Towny\pregen3backup\plugins\Towny\data\plot-block-data\world\-277_449_16.zip
D:\.1 Work Stations\RootMC\Server Live Backups\2. RootMC - Towny\pregen3backup\plugins\Towny\data\plot-block-data\world\-278_447_16.zip
D:\.1 Work Stations\RootMC\Server Live Backups\2. RootMC - Towny\pregen3backup\plugins\Towny\data\plot-block-data\world\-278_448_16.zip
D:\.1 Work Stations\RootMC\Server Live Backups\2. RootMC - Towny\pregen3backup\plugins\Towny\data\plot-block-data\world\-45_-15_16.zip
D:\.1 Work Stations\RootMC\Server Live Backups\2. RootMC - Towny\pregen3backup\plugins\Towny\data\plot-block-data\world\-45_-16_16.zip
D:\.1 Work Stations\RootMC\Server Live Backups\2. RootMC - Towny\pregen3backup\plugins\Towny\data\plot-block-data\world\-46_-15_16.zip
D:\.1 Work Stations\RootMC\Server Live Backups\2. RootMC - Towny\pregen3backup\plugins\Towny\data\plot-block-data\world\-46_-16_16.zip
D:\.1 Work Stations\RootMC\Server Live Backups\2. RootMC - Towny\pregen3backup\plugins\Towny\data\plot-block-data\world\-471_-414_16.zip
D:\.1 Work Stations\RootMC\Server Live Backups\2. RootMC - Towny\pregen3backup\plugins\Towny\data\plot-block-data\world\-471_-415_16.zip
D:\.1 Work Stations\RootMC\Server Live Backups\2. RootMC - Towny\pregen3backup\plugins\Towny\data\plot-block-data\world\-471_-416_16.zip
D:\.1 Work Stations\RootMC\Server Live Backups\2. RootMC - Towny\pregen3backup\plugins\Towny\data\plot-block-data\world\-472_-414_16.zip
D:\.1 Work Stations\RootMC\Server Live Backups\2. RootMC - Towny\pregen3backup\plugins\Towny\data\plot-block-data\world\-472_-415_16.zip
D:\.1 Work Stations\RootMC\Server Live Backups\2. RootMC - Towny\pregen3backup\plugins\Towny\data\plot-block-data\world\-472_-416_16.zip
D:\.1 Work Stations\RootMC\Server Live Backups\2. RootMC - Towny\pregen3backup\plugins\Towny\data\plot-block-data\world\-473_-414_16.zip
D:\.1 Work Stations\RootMC\Server Live Backups\2. RootMC - Towny\pregen3backup\plugins\Towny\data\plot-block-data\world\-473_-415_16.zip
D:\.1 Work Stations\RootMC\Server Live Backups\2. RootMC - Towny\pregen3backup\plugins\Towny\data\plot-block-data\world\-473_-416_16.zip
D:\.1 Work Stations\RootMC\Server Live Backups\2. RootMC - Towny\pregen3backup\plugins\Towny\data\plot-block-data\world\-47_-15_16.zip
D:\.1 Work Stations\RootMC\Server Live Backups\2. RootMC - Towny\pregen3backup\plugins\Towny\data\plot-block-data\world\-47_-16_16.zip
D:\.1 Work Stations\RootMC\Server Live Backups\2. RootMC - Towny\pregen3backup\plugins\Towny\data\plot-block-data\world\-48_-15_16.zip
D:\.1 Work Stations\RootMC\Server Live Backups\2. RootMC - Towny\pregen3backup\plugins\Towny\data\plot-block-data\world\-48_-16_16.zip
D:\.1 Work Stations\RootMC\Server Live Backups\2. RootMC - Towny\pregen3backup\plugins\Towny\data\plot-block-data\world\-48_-8_16.zip
D:\.1 Work Stations\RootMC\Server Live Backups\2. RootMC - Towny\pregen3backup\plugins\Towny\data\plot-block-data\world\-49_-14_16.zip
D:\.1 Work Stations\RootMC\Server Live Backups\2. RootMC - Towny\pregen3backup\plugins\Towny\data\plot-block-data\world\-49_-15_16.zip
D:\.1 Work Stations\RootMC\Server Live Backups\2. RootMC - Towny\pregen3backup\plugins\Towny\data\plot-block-data\world\-49_-16_16.zip
D:\.1 Work Stations\RootMC\Server Live Backups\2. RootMC - Towny\pregen3backup\plugins\Towny\data\plot-block-data\world\-49_-7_16.zip
D:\.1 Work Stations\RootMC\Server Live Backups\2. RootMC - Towny\pregen3backup\plugins\Towny\data\plot-block-data\world\-49_-8_16.zip
D:\.1 Work Stations\RootMC\Server Live Backups\2. RootMC - Towny\pregen3backup\plugins\Towny\data\plot-block-data\world\-49_-9_16.zip
D:\.1 Work Stations\RootMC\Server Live Backups\2. RootMC - Towny\pregen3backup\plugins\Towny\data\plot-block-data\world\-50_-13_16.zip
D:\.1 Work Stations\RootMC\Server Live Backups\2. RootMC - Towny\pregen3backup\plugins\Towny\data\plot-block-data\world\-50_-14_16.zip
D:\.1 Work Stations\RootMC\Server Live Backups\2. RootMC - Towny\pregen3backup\plugins\Towny\data\plot-block-data\world\-50_-15_16.zip
D:\.1 Work Stations\RootMC\Server Live Backups\2. RootMC - Towny\pregen3backup\plugins\Towny\data\plot-block-data\world\-50_-16_16.zip
D:\.1 Work Stations\RootMC\Server Live Backups\2. RootMC - Towny\pregen3backup\plugins\Towny\data\plot-block-data\world\-50_-7_16.zip
D:\.1 Work Stations\RootMC\Server Live Backups\2. RootMC - Towny\pregen3backup\plugins\Towny\data\plot-block-data\world\-50_-8_16.zip
D:\.1 Work Stations\RootMC\Server Live Backups\2. RootMC - Towny\pregen3backup\plugins\Towny\data\plot-block-data\world\-50_-9_16.zip
D:\.1 Work Stations\RootMC\Server Live Backups\2. RootMC - Towny\pregen3backup\plugins\Towny\data\plot-block-data\world\-51_-13_16.zip
D:\.1 Work Stations\RootMC\Server Live Backups\2. RootMC - Towny\pregen3backup\plugins\Towny\data\plot-block-data\world\-51_-14_16.zip
D:\.1 Work Stations\RootMC\Server Live Backups\2. RootMC - Towny\pregen3backup\plugins\Towny\data\plot-block-data\world\-51_-15_16.zip
D:\.1 Work Stations\RootMC\Server Live Backups\2. RootMC - Towny\pregen3backup\plugins\Towny\data\plot-block-data\world\-51_-16_16.zip
D:\.1 Work Stations\RootMC\Server Live Backups\2. RootMC - Towny\pregen3backup\plugins\Towny\data\plot-block-data\world\-51_-17_16.zip
D:\.1 Work Stations\RootMC\Server Live Backups\2. RootMC - Towny\pregen3backup\plugins\Towny\data\plot-block-data\world\-51_-26_16.zip
D:\.1 Work Stations\RootMC\Server Live Backups\2. RootMC - Towny\pregen3backup\plugins\Towny\data\plot-block-data\world\-51_-27_16.zip
D:\.1 Work Stations\RootMC\Server Live Backups\2. RootMC - Towny\pregen3backup\plugins\Towny\data\plot-block-data\world\-51_-28_16.zip
D:\.1 Work Stations\RootMC\Server Live Backups\2. RootMC - Towny\pregen3backup\plugins\Towny\data\plot-block-data\world\-51_-7_16.zip
D:\.1 Work Stations\RootMC\Server Live Backups\2. RootMC - Towny\pregen3backup\plugins\Towny\data\plot-block-data\world\-51_-8_16.zip
D:\.1 Work Stations\RootMC\Server Live Backups\2. RootMC - Towny\pregen3backup\plugins\Towny\data\plot-block-data\world\-51_-9_16.zip
D:\.1 Work Stations\RootMC\Server Live Backups\2. RootMC - Towny\pregen3backup\plugins\Towny\data\plot-block-data\world\-52_-13_16.zip
D:\.1 Work Stations\RootMC\Server Live Backups\2. RootMC - Towny\pregen3backup\plugins\Towny\data\plot-block-data\world\-52_-14_16.zip
D:\.1 Work Stations\RootMC\Server Live Backups\2. RootMC - Towny\pregen3backup\plugins\Towny\data\plot-block-data\world\-52_-15_16.zip
D:\.1 Work Stations\RootMC\Server Live Backups\2. RootMC - Towny\pregen3backup\plugins\Towny\data\plot-block-data\world\-52_-16_16.zip
D:\.1 Work Stations\RootMC\Server Live Backups\2. RootMC - Towny\pregen3backup\plugins\Towny\data\plot-block-data\world\-52_-17_16.zip
D:\.1 Work Stations\RootMC\Server Live Backups\2. RootMC - Towny\pregen3backup\plugins\Towny\data\plot-block-data\world\-52_-26_16.zip
D:\.1 Work Stations\RootMC\Server Live Backups\2. RootMC - Towny\pregen3backup\plugins\Towny\data\plot-block-data\world\-52_-27_16.zip
D:\.1 Work Stations\RootMC\Server Live Backups\2. RootMC - Towny\pregen3backup\plugins\Towny\data\plot-block-data\world\-52_-28_16.zip
D:\.1 Work Stations\RootMC\Server Live Backups\2. RootMC - Towny\pregen3backup\plugins\Towny\data\plot-block-data\world\-52_-7_16.zip
D:\.1 Work Stations\RootMC\Server Live Backups\2. RootMC - Towny\pregen3backup\plugins\Towny\data\plot-block-data\world\-52_-8_16.zip
D:\.1 Work Stations\RootMC\Server Live Backups\2. RootMC - Towny\pregen3backup\plugins\Towny\data\plot-block-data\world\-52_-9_16.zip
D:\.1 Work Stations\RootMC\Server Live Backups\2. RootMC - Towny\pregen3backup\plugins\Towny\data\plot-block-data\world\-53_-10_16.zip
D:\.1 Work Stations\RootMC\Server Live Backups\2. RootMC - Towny\pregen3backup\plugins\Towny\data\plot-block-data\world\-53_-11_16.zip
D:\.1 Work Stations\RootMC\Server Live Backups\2. RootMC - Towny\pregen3backup\plugins\Towny\data\plot-block-data\world\-53_-12_16.zip
D:\.1 Work Stations\RootMC\Server Live Backups\2. RootMC - Towny\pregen3backup\plugins\Towny\data\plot-block-data\world\-53_-13_16.zip
D:\.1 Work Stations\RootMC\Server Live Backups\2. RootMC - Towny\pregen3backup\plugins\Towny\data\plot-block-data\world\-53_-14_16.zip
D:\.1 Work Stations\RootMC\Server Live Backups\2. RootMC - Towny\pregen3backup\plugins\Towny\data\plot-block-data\world\-53_-15_16.zip
D:\.1 Work Stations\RootMC\Server Live Backups\2. RootMC - Towny\pregen3backup\plugins\Towny\data\plot-block-data\world\-53_-16_16.zip
D:\.1 Work Stations\RootMC\Server Live Backups\2. RootMC - Towny\pregen3backup\plugins\Towny\data\plot-block-data\world\-53_-17_16.zip
D:\.1 Work Stations\RootMC\Server Live Backups\2. RootMC - Towny\pregen3backup\plugins\Towny\data\plot-block-data\world\-53_-26_16.zip
D:\.1 Work Stations\RootMC\Server Live Backups\2. RootMC - Towny\pregen3backup\plugins\Towny\data\plot-block-data\world\-53_-27_16.zip
D:\.1 Work Stations\RootMC\Server Live Backups\2. RootMC - Towny\pregen3backup\plugins\Towny\data\plot-block-data\world\-53_-28_16.zip
D:\.1 Work Stations\RootMC\Server Live Backups\2. RootMC - Towny\pregen3backup\plugins\Towny\data\plot-block-data\world\-53_-7_16.zip
D:\.1 Work Stations\RootMC\Server Live Backups\2. RootMC - Towny\pregen3backup\plugins\Towny\data\plot-block-data\world\-53_-8_16.zip
D:\.1 Work Stations\RootMC\Server Live Backups\2. RootMC - Towny\pregen3backup\plugins\Towny\data\plot-block-data\world\-53_-9_16.zip
D:\.1 Work Stations\RootMC\Server Live Backups\2. RootMC - Towny\pregen3backup\plugins\Towny\data\plot-block-data\world\-54_-10_16.zip
D:\.1 Work Stations\RootMC\Server Live Backups\2. RootMC - Towny\pregen3backup\plugins\Towny\data\plot-block-data\world\-54_-11_16.zip
D:\.1 Work Stations\RootMC\Server Live Backups\2. RootMC - Towny\pregen3backup\plugins\Towny\data\plot-block-data\world\-54_-12_16.zip
D:\.1 Work Stations\RootMC\Server Live Backups\2. RootMC - Towny\pregen3backup\plugins\Towny\data\plot-block-data\world\-54_-13_16.zip
D:\.1 Work Stations\RootMC\Server Live Backups\2. RootMC - Towny\pregen3backup\plugins\Towny\data\plot-block-data\world\-54_-14_16.zip
D:\.1 Work Stations\RootMC\Server Live Backups\2. RootMC - Towny\pregen3backup\plugins\Towny\data\plot-block-data\world\-54_-15_16.zip
D:\.1 Work Stations\RootMC\Server Live Backups\2. RootMC - Towny\pregen3backup\plugins\Towny\data\plot-block-data\world\-54_-16_16.zip
D:\.1 Work Stations\RootMC\Server Live Backups\2. RootMC - Towny\pregen3backup\plugins\Towny\data\plot-block-data\world\-54_-25_16.zip
D:\.1 Work Stations\RootMC\Server Live Backups\2. RootMC - Towny\pregen3backup\plugins\Towny\data\plot-block-data\world\-54_-26_16.zip
D:\.1 Work Stations\RootMC\Server Live Backups\2. RootMC - Towny\pregen3backup\plugins\Towny\data\plot-block-data\world\-54_-27_16.zip
D:\.1 Work Stations\RootMC\Server Live Backups\2. RootMC - Towny\pregen3backup\plugins\Towny\data\plot-block-data\world\-54_-28_16.zip
D:\.1 Work Stations\RootMC\Server Live Backups\2. RootMC - Towny\pregen3backup\plugins\Towny\data\plot-block-data\world\-54_-7_16.zip
D:\.1 Work Stations\RootMC\Server Live Backups\2. RootMC - Towny\pregen3backup\plugins\Towny\data\plot-block-data\world\-54_-8_16.zip
D:\.1 Work Stations\RootMC\Server Live Backups\2. RootMC - Towny\pregen3backup\plugins\Towny\data\plot-block-data\world\-54_-9_16.zip
D:\.1 Work Stations\RootMC\Server Live Backups\2. RootMC - Towny\pregen3backup\plugins\Towny\data\plot-block-data\world\-55_-10_16.zip
D:\.1 Work Stations\RootMC\Server Live Backups\2. RootMC - Towny\pregen3backup\plugins\Towny\data\plot-block-data\world\-55_-11_16.zip
D:\.1 Work Stations\RootMC\Server Live Backups\2. RootMC - Towny\pregen3backup\plugins\Towny\data\plot-block-data\world\-55_-12_16.zip
D:\.1 Work Stations\RootMC\Server Live Backups\2. RootMC - Towny\pregen3backup\plugins\Towny\data\plot-block-data\world\-55_-13_16.zip
D:\.1 Work Stations\RootMC\Server Live Backups\2. RootMC - Towny\pregen3backup\plugins\Towny\data\plot-block-data\world\-55_-14_16.zip
D:\.1 Work Stations\RootMC\Server Live Backups\2. RootMC - Towny\pregen3backup\plugins\Towny\data\plot-block-data\world\-55_-15_16.zip
D:\.1 Work Stations\RootMC\Server Live Backups\2. RootMC - Towny\pregen3backup\plugins\Towny\data\plot-block-data\world\-55_-16_16.zip
D:\.1 Work Stations\RootMC\Server Live Backups\2. RootMC - Towny\pregen3backup\plugins\Towny\data\plot-block-data\world\-55_-21_16.zip
D:\.1 Work Stations\RootMC\Server Live Backups\2. RootMC - Towny\pregen3backup\plugins\Towny\data\plot-block-data\world\-55_-22_16.zip
D:\.1 Work Stations\RootMC\Server Live Backups\2. RootMC - Towny\pregen3backup\plugins\Towny\data\plot-block-data\world\-55_-23_16.zip
D:\.1 Work Stations\RootMC\Server Live Backups\2. RootMC - Towny\pregen3backup\plugins\Towny\data\plot-block-data\world\-55_-24_16.zip
D:\.1 Work Stations\RootMC\Server Live Backups\2. RootMC - Towny\pregen3backup\plugins\Towny\data\plot-block-data\world\-55_-25_16.zip
D:\.1 Work Stations\RootMC\Server Live Backups\2. RootMC - Towny\pregen3backup\plugins\Towny\data\plot-block-data\world\-55_-26_16.zip
D:\.1 Work Stations\RootMC\Server Live Backups\2. RootMC - Towny\pregen3backup\plugins\Towny\data\plot-block-data\world\-55_-27_16.zip
D:\.1 Work Stations\RootMC\Server Live Backups\2. RootMC - Towny\pregen3backup\plugins\Towny\data\plot-block-data\world\-55_-28_16.zip
D:\.1 Work Stations\RootMC\Server Live Backups\2. RootMC - Towny\pregen3backup\plugins\Towny\data\plot-block-data\world\-55_-29_16.zip
D:\.1 Work Stations\RootMC\Server Live Backups\2. RootMC - Towny\pregen3backup\plugins\Towny\data\plot-block-data\world\-55_-7_16.zip
D:\.1 Work Stations\RootMC\Server Live Backups\2. RootMC - Towny\pregen3backup\plugins\Towny\data\plot-block-data\world\-55_-8_16.zip
D:\.1 Work Stations\RootMC\Server Live Backups\2. RootMC - Towny\pregen3backup\plugins\Towny\data\plot-block-data\world\-55_-9_16.zip
D:\.1 Work Stations\RootMC\Server Live Backups\2. RootMC - Towny\pregen3backup\plugins\Towny\data\plot-block-data\world\-56_-10_16.zip
D:\.1 Work Stations\RootMC\Server Live Backups\2. RootMC - Towny\pregen3backup\plugins\Towny\data\plot-block-data\world\-56_-11_16.zip
D:\.1 Work Stations\RootMC\Server Live Backups\2. RootMC - Towny\pregen3backup\plugins\Towny\data\plot-block-data\world\-56_-12_16.zip
D:\.1 Work Stations\RootMC\Server Live Backups\2. RootMC - Towny\pregen3backup\plugins\Towny\data\plot-block-data\world\-56_-13_16.zip
D:\.1 Work Stations\RootMC\Server Live Backups\2. RootMC - Towny\pregen3backup\plugins\Towny\data\plot-block-data\world\-56_-14_16.zip
D:\.1 Work Stations\RootMC\Server Live Backups\2. RootMC - Towny\pregen3backup\plugins\Towny\data\plot-block-data\world\-56_-15_16.zip
D:\.1 Work Stations\RootMC\Server Live Backups\2. RootMC - Towny\pregen3backup\plugins\Towny\data\plot-block-data\world\-56_-16_16.zip
D:\.1 Work Stations\RootMC\Server Live Backups\2. RootMC - Towny\pregen3backup\plugins\Towny\data\plot-block-data\world\-56_-21_16.zip
D:\.1 Work Stations\RootMC\Server Live Backups\2. RootMC - Towny\pregen3backup\plugins\Towny\data\plot-block-data\world\-56_-22_16.zip
D:\.1 Work Stations\RootMC\Server Live Backups\2. RootMC - Towny\pregen3backup\plugins\Towny\data\plot-block-data\world\-56_-23_16.zip
D:\.1 Work Stations\RootMC\Server Live Backups\2. RootMC - Towny\pregen3backup\plugins\Towny\data\plot-block-data\world\-56_-24_16.zip
D:\.1 Work Stations\RootMC\Server Live Backups\2. RootMC - Towny\pregen3backup\plugins\Towny\data\plot-block-data\world\-56_-26_16.zip
D:\.1 Work Stations\RootMC\Server Live Backups\2. RootMC - Towny\pregen3backup\plugins\Towny\data\plot-block-data\world\-56_-27_16.zip
D:\.1 Work Stations\RootMC\Server Live Backups\2. RootMC - Towny\pregen3backup\plugins\Towny\data\plot-block-data\world\-56_-28_16.zip
D:\.1 Work Stations\RootMC\Server Live Backups\2. RootMC - Towny\pregen3backup\plugins\Towny\data\plot-block-data\world\-56_-29_16.zip
D:\.1 Work Stations\RootMC\Server Live Backups\2. RootMC - Towny\pregen3backup\plugins\Towny\data\plot-block-data\world\-56_-7_16.zip
D:\.1 Work Stations\RootMC\Server Live Backups\2. RootMC - Towny\pregen3backup\plugins\Towny\data\plot-block-data\world\-56_-8_16.zip
D:\.1 Work Stations\RootMC\Server Live Backups\2. RootMC - Towny\pregen3backup\plugins\Towny\data\plot-block-data\world\-56_-9_16.zip
D:\.1 Work Stations\RootMC\Server Live Backups\2. RootMC - Towny\pregen3backup\plugins\Towny\data\plot-block-data\world\-57_-13_16.zip
D:\.1 Work Stations\RootMC\Server Live Backups\2. RootMC - Towny\pregen3backup\plugins\Towny\data\plot-block-data\world\-57_-14_16.zip
D:\.1 Work Stations\RootMC\Server Live Backups\2. RootMC - Towny\pregen3backup\plugins\Towny\data\plot-block-data\world\-57_-15_16.zip
D:\.1 Work Stations\RootMC\Server Live Backups\2. RootMC - Towny\pregen3backup\plugins\Towny\data\plot-block-data\world\-57_-16_16.zip
D:\.1 Work Stations\RootMC\Server Live Backups\2. RootMC - Towny\pregen3backup\plugins\Towny\data\plot-block-data\world\-57_-27_16.zip
D:\.1 Work Stations\RootMC\Server Live Backups\2. RootMC - Towny\pregen3backup\plugins\Towny\data\plot-block-data\world\-57_-28_16.zip
D:\.1 Work Stations\RootMC\Server Live Backups\2. RootMC - Towny\pregen3backup\plugins\Towny\data\plot-block-data\world\-57_-29_16.zip
D:\.1 Work Stations\RootMC\Server Live Backups\2. RootMC - Towny\pregen3backup\plugins\Towny\data\plot-block-data\world\-57_-7_16.zip
D:\.1 Work Stations\RootMC\Server Live Backups\2. RootMC - Towny\pregen3backup\plugins\Towny\data\plot-block-data\world\-57_-8_16.zip
D:\.1 Work Stations\RootMC\Server Live Backups\2. RootMC - Towny\pregen3backup\plugins\Towny\data\plot-block-data\world\-57_-9_16.zip
D:\.1 Work Stations\RootMC\Server Live Backups\2. RootMC - Towny\pregen3backup\plugins\Towny\data\plot-block-data\world\-58_-13_16.zip
D:\.1 Work Stations\RootMC\Server Live Backups\2. RootMC - Towny\pregen3backup\plugins\Towny\data\plot-block-data\world\-58_-14_16.zip
D:\.1 Work Stations\RootMC\Server Live Backups\2. RootMC - Towny\pregen3backup\plugins\Towny\data\plot-block-data\world\-58_-15_16.zip
D:\.1 Work Stations\RootMC\Server Live Backups\2. RootMC - Towny\pregen3backup\plugins\Towny\data\plot-block-data\world\-58_-16_16.zip
D:\.1 Work Stations\RootMC\Server Live Backups\2. RootMC - Towny\pregen3backup\plugins\Towny\data\plot-block-data\world\-58_-7_16.zip
D:\.1 Work Stations\RootMC\Server Live Backups\2. RootMC - Towny\pregen3backup\plugins\Towny\data\plot-block-data\world\-58_-8_16.zip
D:\.1 Work Stations\RootMC\Server Live Backups\2. RootMC - Towny\pregen3backup\plugins\Towny\data\plot-block-data\world\-58_-9_16.zip
D:\.1 Work Stations\RootMC\Server Live Backups\2. RootMC - Towny\pregen3backup\plugins\Towny\data\plot-block-data\world\-59_-13_16.zip
D:\.1 Work Stations\RootMC\Server Live Backups\2. RootMC - Towny\pregen3backup\plugins\Towny\data\plot-block-data\world\-59_-14_16.zip
D:\.1 Work Stations\RootMC\Server Live Backups\2. RootMC - Towny\pregen3backup\plugins\Towny\data\plot-block-data\world\-59_-15_16.zip
D:\.1 Work Stations\RootMC\Server Live Backups\2. RootMC - Towny\pregen3backup\plugins\Towny\data\plot-block-data\world\-59_-16_16.zip
D:\.1 Work Stations\RootMC\Server Live Backups\2. RootMC - Towny\pregen3backup\plugins\Towny\data\plot-block-data\world\-60_-14_16.zip
D:\.1 Work Stations\RootMC\Server Live Backups\2. RootMC - Towny\pregen3backup\plugins\Towny\data\plot-block-data\world\-60_-15_16.zip
D:\.1 Work Stations\RootMC\Server Live Backups\2. RootMC - Towny\pregen3backup\plugins\Towny\data\plot-block-data\world\-60_-16_16.zip
D:\.1 Work Stations\RootMC\Server Live Backups\2. RootMC - Towny\pregen3backup\plugins\Towny\data\plot-block-data\world\-61_-14_16.zip
D:\.1 Work Stations\RootMC\Server Live Backups\2. RootMC - Towny\pregen3backup\plugins\Towny\data\plot-block-data\world\-61_-15_16.zip
D:\.1 Work Stations\RootMC\Server Live Backups\2. RootMC - Towny\pregen3backup\plugins\Towny\data\plot-block-data\world\-61_-16_16.zip
D:\.1 Work Stations\RootMC\Server Live Backups\3. RootMC - Test Server\bluemap\resourceExtensions.zip
D:\.1 Work Stations\RootMC\Web Files\rootmc-web\build\packs\rootmc-ui.zip
D:\.1 Work Stations\RootMC\Web Files\rootmc-web\build\tools\rootmc-open-vote-sites.zip
D:\.1 Work Stations\RootMC\Web Files\rootmc-web\public\packs\rootmc-ui.zip
D:\.1 Work Stations\RootMC\Web Files\rootmc-web\public\tools\rootmc-open-vote-sites.zip
D:\old\Gen1.zip
D:\old\Gen2\bluemap\resourceExtensions.zip
D:\old\Gen2\plugins\mcMMO\backup\2026-07-12 18-00-55.zip
D:\old\Gen2\plugins\mcMMO\backup\2026-07-15 12-47-38.zip
D:\old\Gen2\plugins\mcMMO\backup\2026-07-16 14-43-44.zip
D:\old\Gen2\plugins\mcMMO\backup\2026-07-16 15-10-54.zip
D:\old\Gen2\plugins\mcMMO\backup\2026-07-17 12-17-11.zip
D:\old\Gen2\plugins\mcMMO\backup\2026-07-18 10-00-19.zip
D:\old\Gen2\plugins\mcMMO\backup\2026-07-18 21-04-13.zip
D:\old\Gen2\plugins\mcMMO\backup\2026-07-18 21-27-14.zip
D:\old\Mobile\solana-rootrecord-site-main.zip
D:\old\Old Layout\Mobile\solana-rootrecord-site-main.zip
D:\old\Old Layout\RootMC Workspace\latest import.zip
D:\old\Old Layout\RootMC Workspace\1. RootMC GEN2 Testing\plugins\mcMMO\backup\2026-07-12 17-47-26.zip
D:\old\Old Layout\RootMC Workspace\1. RootMC GEN2 Testing\plugins\mcMMO\backup\2026-07-12 18-00-55.zip
D:\old\Old Layout\RootMC Workspace\1. RootMC GEN2 Testing\plugins\mcMMO\backup\2026-07-15 12-47-38.zip
D:\old\Old Layout\RootMC Workspace\1. RootMC GEN2 Testing\plugins\mcMMO\backup\2026-07-16 14-26-11.zip
D:\old\Old Layout\RootMC Workspace\1. RootMC GEN2 Testing\plugins\mcMMO\backup\2026-07-16 14-34-27.zip
D:\old\Old Layout\RootMC Workspace\1. RootMC GEN2 Testing\plugins\mcMMO\backup\2026-07-16 14-43-44.zip
D:\old\Old Layout\RootMC Workspace\1. RootMC GEN2 Testing\plugins\mcMMO\backup\2026-07-16 14-54-52.zip
D:\old\Old Layout\RootMC Workspace\1. RootMC GEN2 Testing\plugins\mcMMO\backup\2026-07-16 15-03-43.zip
D:\old\Old Layout\RootMC Workspace\1. RootMC GEN2 Testing\plugins\mcMMO\backup\2026-07-16 15-10-54.zip
D:\old\Old Layout\RootMC Workspace\1. RootMC GEN2 Testing\plugins\mcMMO\backup\2026-07-16 15-25-24.zip
D:\old\Old Layout\RootMC Workspace\1. RootMC GEN2 Testing\plugins\mcMMO\backup\2026-07-16 15-32-09.zip
D:\old\Old Layout\RootMC Workspace\1. RootMC GEN2 Testing\plugins\mcMMO\backup\2026-07-16 15-40-04.zip
D:\old\Old Layout\RootMC Workspace\1. RootMC GEN2 Testing\plugins\mcMMO\backup\2026-07-16 15-43-14.zip
D:\old\Old Layout\RootMC Workspace\1. RootMC GEN2 Testing\plugins\mcMMO\backup\2026-07-16 15-49-32.zip
D:\old\Old Layout\RootMC Workspace\1. RootMC GEN2 Testing\plugins\mcMMO\backup\2026-07-16 15-55-46.zip
D:\old\Old Layout\RootMC Workspace\1. RootMC GEN2 Testing\plugins\mcMMO\backup\2026-07-16 16-02-46.zip
D:\old\Old Layout\RootMC Workspace\1. RootMC GEN2 Testing\plugins\mcMMO\backup\2026-07-16 16-10-57.zip
D:\old\Old Layout\RootMC Workspace\1. RootMC GEN2 Testing\plugins\mcMMO\backup\2026-07-16 16-51-19.zip
D:\old\Old Layout\RootMC Workspace\1. RootMC GEN2 Testing\plugins\mcMMO\backup\2026-07-16 16-59-21.zip
D:\old\Old Layout\RootMC Workspace\1. RootMC GEN2 Testing\plugins\mcMMO\backup\2026-07-16 17-13-34.zip
D:\old\Old Layout\RootMC Workspace\1. RootMC GEN2 Testing\plugins\mcMMO\backup\2026-07-17 11-16-58.zip
D:\old\Old Layout\RootMC Workspace\1. RootMC GEN2 Testing\plugins\mcMMO\backup\2026-07-17 11-30-49.zip
D:\old\Old Layout\RootMC Workspace\1. RootMC GEN2 Testing\plugins\mcMMO\backup\2026-07-17 11-49-53.zip
D:\old\Old Layout\RootMC Workspace\1. RootMC GEN2 Testing\plugins\mcMMO\backup\2026-07-17 11-56-03.zip
D:\old\Old Layout\RootMC Workspace\1. RootMC GEN2 Testing\plugins\mcMMO\backup\2026-07-17 12-17-11.zip
D:\old\Old Layout\RootMC Workspace\gen2-27\plugins\mcMMO\backup\2026-07-12 17-47-26.zip
D:\old\Old Layout\RootMC Workspace\gen2-27\plugins\mcMMO\backup\2026-07-12 18-00-55.zip
D:\old\Old Layout\RootMC Workspace\gen2-27\plugins\mcMMO\backup\2026-07-15 12-47-38.zip
D:\old\Old Layout\RootMC Workspace\gen2-27\plugins\mcMMO\backup\2026-07-16 14-26-11.zip
D:\old\Old Layout\RootMC Workspace\gen2-27\plugins\mcMMO\backup\2026-07-16 14-34-27.zip
D:\old\Old Layout\RootMC Workspace\gen2-27\plugins\mcMMO\backup\2026-07-16 14-43-44.zip
D:\old\Old Layout\RootMC Workspace\gen2-27\plugins\mcMMO\backup\2026-07-16 14-54-52.zip
D:\old\Old Layout\RootMC Workspace\gen2-27\plugins\mcMMO\backup\2026-07-16 15-03-43.zip
D:\old\Old Layout\RootMC Workspace\gen2-27\plugins\mcMMO\backup\2026-07-16 15-10-54.zip
D:\old\Old Layout\RootMC Workspace\gen2-27\plugins\mcMMO\backup\2026-07-16 15-25-24.zip
D:\old\Old Layout\RootMC Workspace\gen2-27\plugins\mcMMO\backup\2026-07-16 15-32-09.zip
D:\old\Old Layout\RootMC Workspace\gen2-27\plugins\mcMMO\backup\2026-07-16 15-40-04.zip
D:\old\Old Layout\RootMC Workspace\gen2-27\plugins\mcMMO\backup\2026-07-16 15-43-14.zip
D:\old\Old Layout\RootMC Workspace\gen2-27\plugins\mcMMO\backup\2026-07-16 15-49-32.zip
D:\old\Old Layout\RootMC Workspace\gen2-27\plugins\mcMMO\backup\2026-07-16 15-55-46.zip
D:\old\Old Layout\RootMC Workspace\gen2-27\plugins\mcMMO\backup\2026-07-16 16-02-46.zip
D:\old\Old Layout\RootMC Workspace\gen2-27\plugins\mcMMO\backup\2026-07-16 16-10-57.zip
D:\old\Old Layout\RootMC Workspace\gen2-27\plugins\mcMMO\backup\2026-07-16 16-51-19.zip
D:\old\Old Layout\RootMC Workspace\gen2-27\plugins\mcMMO\backup\2026-07-16 16-59-21.zip
D:\old\Old Layout\RootMC Workspace\gen2-27\plugins\mcMMO\backup\2026-07-16 17-13-34.zip
D:\old\Old Layout\RootMC Workspace\gen2-27\plugins\mcMMO\backup\2026-07-17 11-16-58.zip
D:\old\Old Layout\RootMC Workspace\gen2-27\plugins\mcMMO\backup\2026-07-17 11-30-49.zip
D:\old\Old Layout\RootMC Workspace\gen2-27\plugins\mcMMO\backup\2026-07-17 11-49-53.zip
D:\old\Old Layout\RootMC Workspace\gen2-27\plugins\mcMMO\backup\2026-07-17 11-56-03.zip
D:\old\Old Layout\RootMC Workspace\gen2-27\plugins\mcMMO\backup\2026-07-17 12-17-11.zip
D:\old\Old Layout\RootMC Workspace\Mobile App Files\rootmc-android\app\build\intermediates\module_bundle\release\buildReleasePreBundle\base.zip
D:\old\Old Layout\RootMC Workspace\Plugin Building\Minecraft\server\host-handoff-rootmc-plugins.zip
D:\old\Old Layout\RootMC Workspace\Server Files (Handoff Off)\bluemap\resourceExtensions.zip
D:\old\Old Layout\RootMC Workspace\Server Files (Handoff Off)\plugins\mcMMO\backup\2026-06-06 07-15-41.zip
D:\old\Old Layout\RootMC Workspace\Server Files (Handoff Off)\plugins\mcMMO\backup\2026-06-11 04-10-44.zip
D:\old\Old Layout\RootMC Workspace\Server Files (Handoff Off)\plugins\mcMMO\backup\2026-06-17 04-30-01.zip
D:\old\Old Layout\RootMC Workspace\Server Files (Handoff Off)\plugins\mcMMO\backup\2026-06-20 16-19-54.zip
D:\old\Old Layout\RootMC Workspace\Server Files (Handoff Off)\plugins\mcMMO\backup\2026-06-21 17-37-59.zip
D:\old\Old Layout\RootMC Workspace\Server Files (Handoff Off)\plugins\mcMMO\backup\2026-06-22 12-05-53.zip
D:\old\Old Layout\RootMC Workspace\Server Files (Handoff Off)\plugins\mcMMO\backup\2026-06-23 08-34-47.zip
D:\old\Old Layout\RootMC Workspace\Server Files (Handoff Off)\plugins\mcMMO\backup\2026-06-24 10-03-01.zip
D:\old\Old Layout\RootMC Workspace\Server Files (Handoff Off)\plugins\mcMMO\backup\2026-06-25 06-33-14.zip
D:\old\Old Layout\RootMC Workspace\Server Files (Handoff Off)\plugins\mcMMO\backup\2026-06-25 18-44-00.zip
D:\old\Old Layout\RootMC Workspace\Server Files (Handoff Off)\plugins\mcMMO\backup\2026-06-26 06-59-30.zip
D:\old\Old Layout\RootMC Workspace\Server Files (Handoff Off)\plugins\mcMMO\backup\2026-06-26 18-13-16.zip
D:\old\Old Layout\RootMC Workspace\Server Files (Handoff Off)\plugins\mcMMO\backup\2026-06-26 18-32-05.zip
D:\old\Old Layout\RootMC Workspace\Server Files (Handoff Off)\plugins\mcMMO\backup\2026-06-27 10-00-13.zip
D:\old\Old Layout\RootMC Workspace\Server Files (Handoff Off)\plugins\mcMMO\backup\2026-06-27 12-50-01.zip
D:\old\Old Layout\RootMC Workspace\Server Files (Handoff Off)\plugins\mcMMO\backup\2026-06-27 13-46-47.zip
D:\old\Old Layout\RootMC Workspace\Server Files (Handoff Off)\plugins\mcMMO\backup\2026-06-28 10-00-13.zip
D:\old\Old Layout\RootMC Workspace\Server Files (Handoff Off)\plugins\mcMMO\backup\2026-06-28 10-32-04.zip
D:\old\Old Layout\RootMC Workspace\Server Files (Handoff Off)\plugins\mcMMO\backup\2026-06-29 13-42-13.zip
D:\old\Old Layout\RootMC Workspace\Server Files (Handoff Off)\plugins\mcMMO\backup\2026-06-30 16-40-51.zip
D:\old\Old Layout\RootMC Workspace\Server Files (Handoff Off)\plugins\mcMMO\backup\2026-07-01 07-37-45.zip
D:\old\Old Layout\RootMC Workspace\Server Files (Handoff Off)\plugins\mcMMO\backup\2026-07-01 08-25-12.zip
D:\old\Old Layout\RootMC Workspace\Server Files (Handoff Off)\plugins\mcMMO\backup\2026-07-01 10-00-53.zip
D:\old\Old Layout\RootMC Workspace\Server Files (Handoff Off)\plugins\mcMMO\backup\2026-07-01 17-18-25.zip
D:\old\Old Layout\RootMC Workspace\Server Files (Handoff Off)\plugins\mcMMO\backup\2026-07-01 17-23-46.zip
D:\old\Old Layout\RootMC Workspace\Server Files (Handoff Off)\plugins\mcMMO\backup\2026-07-01 17-49-16.zip
D:\old\Old Layout\RootMC Workspace\Server Files (Handoff Off)\plugins\mcMMO\backup\2026-07-01 21-01-48.zip
D:\old\Old Layout\RootMC Workspace\Server Files (Handoff Off)\plugins\mcMMO\backup\2026-07-02 10-00-01.zip
D:\old\Old Layout\RootMC Workspace\Server Files (Handoff Off)\plugins\mcMMO\backup\2026-07-03 04-29-43.zip
D:\old\Old Layout\RootMC Workspace\Server Files (Handoff Off)\plugins\mcMMO\backup\2026-07-04 23-12-52.zip
D:\old\Old Layout\RootMC Workspace\Server Files (Handoff Off)\plugins\mcMMO\backup\2026-07-05 01-42-24.zip
D:\old\Old Layout\RootMC Workspace\Server Files (Handoff Off)\plugins\mcMMO\backup\2026-07-05 19-35-16.zip
D:\old\Old Layout\RootMC Workspace\Server Files (Handoff Off)\plugins\mcMMO\backup\2026-07-06 13-34-16.zip
D:\old\Old Layout\RootMC Workspace\Server Files (Handoff Off)\plugins\mcMMO\backup\2026-07-07 10-00-08.zip
D:\old\Old Layout\RootMC Workspace\Server Files (Handoff Off)\plugins\mcMMO\backup\2026-07-07 14-31-10.zip
D:\old\Old Layout\RootMC Workspace\Server Files (Handoff Off)\plugins\mcMMO\backup\2026-07-07 14-39-12.zip
D:\old\Old Layout\RootMC Workspace\Server Files (Handoff Off)\plugins\mcMMO\backup\2026-07-07 14-55-57.zip
D:\old\Old Layout\RootMC Workspace\Server Files (Handoff Off)\plugins\mcMMO\backup\2026-07-07 15-57-59.zip
D:\old\Old Layout\RootMC Workspace\Server Files (Handoff Off)\plugins\mcMMO\backup\2026-07-07 16-40-26.zip
D:\old\Old Layout\RootMC Workspace\Server Files (Handoff Off)\plugins\mcMMO\backup\2026-07-07 17-17-03.zip
D:\old\Old Layout\RootMC Workspace\Server Files (Handoff Off)\plugins\mcMMO\backup\2026-07-07 19-11-50.zip
D:\old\Old Layout\RootMC Workspace\Server Files (Handoff Off)\plugins\mcMMO\backup\2026-07-08 05-15-46.zip
D:\old\Old Layout\RootMC Workspace\Server Files (Handoff Off)\plugins\mcMMO\backup\2026-07-08 05-54-04.zip
D:\old\Old Layout\RootMC Workspace\Server Files (Handoff Off)\plugins\mcMMO\backup\2026-07-08 06-35-05.zip
D:\old\Old Layout\RootMC Workspace\Server Files (Handoff Off)\plugins\mcMMO\backup\2026-07-08 08-12-43.zip
D:\old\Old Layout\RootMC Workspace\Server Files (Handoff Off)\plugins\mcMMO\backup\2026-07-09 09-40-41.zip
D:\old\Old Layout\RootMC Workspace\Server Files (Handoff Off)\plugins\Towny\data\plot-block-data\world\-120_-256_16.zip
D:\old\Old Layout\RootMC Workspace\Server Files (Handoff Off)\plugins\Towny\data\plot-block-data\world\-120_-257_16.zip
D:\old\Old Layout\RootMC Workspace\Server Files (Handoff Off)\plugins\Towny\data\plot-block-data\world\-121_-251_16.zip
D:\old\Old Layout\RootMC Workspace\Server Files (Handoff Off)\plugins\Towny\data\plot-block-data\world\-121_-252_16.zip
D:\old\Old Layout\RootMC Workspace\Server Files (Handoff Off)\plugins\Towny\data\plot-block-data\world\-121_-253_16.zip
D:\old\Old Layout\RootMC Workspace\Server Files (Handoff Off)\plugins\Towny\data\plot-block-data\world\-121_-255_16.zip
D:\old\Old Layout\RootMC Workspace\Server Files (Handoff Off)\plugins\Towny\data\plot-block-data\world\-121_-256_16.zip
D:\old\Old Layout\RootMC Workspace\Server Files (Handoff Off)\plugins\Towny\data\plot-block-data\world\-121_-257_16.zip
D:\old\Old Layout\RootMC Workspace\Server Files (Handoff Off)\plugins\Towny\data\plot-block-data\world\-122_-251_16.zip
D:\old\Old Layout\RootMC Workspace\Server Files (Handoff Off)\plugins\Towny\data\plot-block-data\world\-122_-252_16.zip
D:\old\Old Layout\RootMC Workspace\Server Files (Handoff Off)\plugins\Towny\data\plot-block-data\world\-122_-253_16.zip
D:\old\Old Layout\RootMC Workspace\Server Files (Handoff Off)\plugins\Towny\data\plot-block-data\world\-122_-254_16.zip
D:\old\Old Layout\RootMC Workspace\Server Files (Handoff Off)\plugins\Towny\data\plot-block-data\world\-122_-255_16.zip
D:\old\Old Layout\RootMC Workspace\Server Files (Handoff Off)\plugins\Towny\data\plot-block-data\world\-122_-256_16.zip
D:\old\Old Layout\RootMC Workspace\Server Files (Handoff Off)\plugins\Towny\data\plot-block-data\world\-122_-257_16.zip
D:\old\Old Layout\RootMC Workspace\Server Files (Handoff Off)\plugins\Towny\data\plot-block-data\world\-157_-244_16.zip
D:\old\Old Layout\RootMC Workspace\Server Files (Handoff Off)\plugins\Towny\data\plot-block-data\world\-158_-242_16.zip
D:\old\Old Layout\RootMC Workspace\Server Files (Handoff Off)\plugins\Towny\data\plot-block-data\world\-158_-243_16.zip
D:\old\Old Layout\RootMC Workspace\Server Files (Handoff Off)\plugins\Towny\data\plot-block-data\world\-158_-244_16.zip
D:\old\Old Layout\RootMC Workspace\Server Files (Handoff Off)\plugins\Towny\data\plot-block-data\world\-159_-242_16.zip
D:\old\Old Layout\RootMC Workspace\Server Files (Handoff Off)\plugins\Towny\data\plot-block-data\world\-159_-243_16.zip
D:\old\Old Layout\RootMC Workspace\Server Files (Handoff Off)\plugins\Towny\data\plot-block-data\world\-276_447_16.zip
D:\old\Old Layout\RootMC Workspace\Server Files (Handoff Off)\plugins\Towny\data\plot-block-data\world\-276_448_16.zip
D:\old\Old Layout\RootMC Workspace\Server Files (Handoff Off)\plugins\Towny\data\plot-block-data\world\-276_449_16.zip
D:\old\Old Layout\RootMC Workspace\Server Files (Handoff Off)\plugins\Towny\data\plot-block-data\world\-277_447_16.zip
D:\old\Old Layout\RootMC Workspace\Server Files (Handoff Off)\plugins\Towny\data\plot-block-data\world\-277_448_16.zip
D:\old\Old Layout\RootMC Workspace\Server Files (Handoff Off)\plugins\Towny\data\plot-block-data\world\-277_449_16.zip
D:\old\Old Layout\RootMC Workspace\Server Files (Handoff Off)\plugins\Towny\data\plot-block-data\world\-278_447_16.zip
D:\old\Old Layout\RootMC Workspace\Server Files (Handoff Off)\plugins\Towny\data\plot-block-data\world\-278_448_16.zip
D:\old\Old Layout\RootMC Workspace\Server Files (Handoff Off)\plugins\Towny\data\plot-block-data\world\-47_-15_16.zip
D:\old\Old Layout\RootMC Workspace\Server Files (Handoff Off)\plugins\Towny\data\plot-block-data\world\-47_-16_16.zip
D:\old\Old Layout\RootMC Workspace\Server Files (Handoff Off)\plugins\Towny\data\plot-block-data\world\-48_-15_16.zip
D:\old\Old Layout\RootMC Workspace\Server Files (Handoff Off)\plugins\Towny\data\plot-block-data\world\-48_-16_16.zip
D:\old\Old Layout\RootMC Workspace\Server Files (Handoff Off)\plugins\Towny\data\plot-block-data\world\-48_-8_16.zip
D:\old\Old Layout\RootMC Workspace\Server Files (Handoff Off)\plugins\Towny\data\plot-block-data\world\-49_-14_16.zip
D:\old\Old Layout\RootMC Workspace\Server Files (Handoff Off)\plugins\Towny\data\plot-block-data\world\-49_-15_16.zip
D:\old\Old Layout\RootMC Workspace\Server Files (Handoff Off)\plugins\Towny\data\plot-block-data\world\-49_-16_16.zip
D:\old\Old Layout\RootMC Workspace\Server Files (Handoff Off)\plugins\Towny\data\plot-block-data\world\-49_-7_16.zip
D:\old\Old Layout\RootMC Workspace\Server Files (Handoff Off)\plugins\Towny\data\plot-block-data\world\-49_-8_16.zip
D:\old\Old Layout\RootMC Workspace\Server Files (Handoff Off)\plugins\Towny\data\plot-block-data\world\-49_-9_16.zip
D:\old\Old Layout\RootMC Workspace\Server Files (Handoff Off)\plugins\Towny\data\plot-block-data\world\-50_-13_16.zip
D:\old\Old Layout\RootMC Workspace\Server Files (Handoff Off)\plugins\Towny\data\plot-block-data\world\-50_-14_16.zip
D:\old\Old Layout\RootMC Workspace\Server Files (Handoff Off)\plugins\Towny\data\plot-block-data\world\-50_-15_16.zip
D:\old\Old Layout\RootMC Workspace\Server Files (Handoff Off)\plugins\Towny\data\plot-block-data\world\-50_-16_16.zip
D:\old\Old Layout\RootMC Workspace\Server Files (Handoff Off)\plugins\Towny\data\plot-block-data\world\-50_-7_16.zip
D:\old\Old Layout\RootMC Workspace\Server Files (Handoff Off)\plugins\Towny\data\plot-block-data\world\-50_-8_16.zip
D:\old\Old Layout\RootMC Workspace\Server Files (Handoff Off)\plugins\Towny\data\plot-block-data\world\-50_-9_16.zip
D:\old\Old Layout\RootMC Workspace\Server Files (Handoff Off)\plugins\Towny\data\plot-block-data\world\-51_-13_16.zip
D:\old\Old Layout\RootMC Workspace\Server Files (Handoff Off)\plugins\Towny\data\plot-block-data\world\-51_-14_16.zip
D:\old\Old Layout\RootMC Workspace\Server Files (Handoff Off)\plugins\Towny\data\plot-block-data\world\-51_-15_16.zip
D:\old\Old Layout\RootMC Workspace\Server Files (Handoff Off)\plugins\Towny\data\plot-block-data\world\-51_-16_16.zip
D:\old\Old Layout\RootMC Workspace\Server Files (Handoff Off)\plugins\Towny\data\plot-block-data\world\-51_-26_16.zip
D:\old\Old Layout\RootMC Workspace\Server Files (Handoff Off)\plugins\Towny\data\plot-block-data\world\-51_-27_16.zip
D:\old\Old Layout\RootMC Workspace\Server Files (Handoff Off)\plugins\Towny\data\plot-block-data\world\-51_-28_16.zip
D:\old\Old Layout\RootMC Workspace\Server Files (Handoff Off)\plugins\Towny\data\plot-block-data\world\-51_-7_16.zip
D:\old\Old Layout\RootMC Workspace\Server Files (Handoff Off)\plugins\Towny\data\plot-block-data\world\-51_-8_16.zip
D:\old\Old Layout\RootMC Workspace\Server Files (Handoff Off)\plugins\Towny\data\plot-block-data\world\-51_-9_16.zip
D:\old\Old Layout\RootMC Workspace\Server Files (Handoff Off)\plugins\Towny\data\plot-block-data\world\-52_-13_16.zip
D:\old\Old Layout\RootMC Workspace\Server Files (Handoff Off)\plugins\Towny\data\plot-block-data\world\-52_-14_16.zip
D:\old\Old Layout\RootMC Workspace\Server Files (Handoff Off)\plugins\Towny\data\plot-block-data\world\-52_-15_16.zip
D:\old\Old Layout\RootMC Workspace\Server Files (Handoff Off)\plugins\Towny\data\plot-block-data\world\-52_-16_16.zip
D:\old\Old Layout\RootMC Workspace\Server Files (Handoff Off)\plugins\Towny\data\plot-block-data\world\-52_-26_16.zip
D:\old\Old Layout\RootMC Workspace\Server Files (Handoff Off)\plugins\Towny\data\plot-block-data\world\-52_-27_16.zip
D:\old\Old Layout\RootMC Workspace\Server Files (Handoff Off)\plugins\Towny\data\plot-block-data\world\-52_-28_16.zip
D:\old\Old Layout\RootMC Workspace\Server Files (Handoff Off)\plugins\Towny\data\plot-block-data\world\-52_-7_16.zip
D:\old\Old Layout\RootMC Workspace\Server Files (Handoff Off)\plugins\Towny\data\plot-block-data\world\-52_-8_16.zip
D:\old\Old Layout\RootMC Workspace\Server Files (Handoff Off)\plugins\Towny\data\plot-block-data\world\-52_-9_16.zip
D:\old\Old Layout\RootMC Workspace\Server Files (Handoff Off)\plugins\Towny\data\plot-block-data\world\-53_-10_16.zip
D:\old\Old Layout\RootMC Workspace\Server Files (Handoff Off)\plugins\Towny\data\plot-block-data\world\-53_-11_16.zip
D:\old\Old Layout\RootMC Workspace\Server Files (Handoff Off)\plugins\Towny\data\plot-block-data\world\-53_-12_16.zip
D:\old\Old Layout\RootMC Workspace\Server Files (Handoff Off)\plugins\Towny\data\plot-block-data\world\-53_-13_16.zip
D:\old\Old Layout\RootMC Workspace\Server Files (Handoff Off)\plugins\Towny\data\plot-block-data\world\-53_-14_16.zip
D:\old\Old Layout\RootMC Workspace\Server Files (Handoff Off)\plugins\Towny\data\plot-block-data\world\-53_-15_16.zip
D:\old\Old Layout\RootMC Workspace\Server Files (Handoff Off)\plugins\Towny\data\plot-block-data\world\-53_-16_16.zip
D:\old\Old Layout\RootMC Workspace\Server Files (Handoff Off)\plugins\Towny\data\plot-block-data\world\-53_-26_16.zip
D:\old\Old Layout\RootMC Workspace\Server Files (Handoff Off)\plugins\Towny\data\plot-block-data\world\-53_-27_16.zip
D:\old\Old Layout\RootMC Workspace\Server Files (Handoff Off)\plugins\Towny\data\plot-block-data\world\-53_-28_16.zip
D:\old\Old Layout\RootMC Workspace\Server Files (Handoff Off)\plugins\Towny\data\plot-block-data\world\-53_-7_16.zip
D:\old\Old Layout\RootMC Workspace\Server Files (Handoff Off)\plugins\Towny\data\plot-block-data\world\-53_-8_16.zip
D:\old\Old Layout\RootMC Workspace\Server Files (Handoff Off)\plugins\Towny\data\plot-block-data\world\-53_-9_16.zip
D:\old\Old Layout\RootMC Workspace\Server Files (Handoff Off)\plugins\Towny\data\plot-block-data\world\-54_-10_16.zip
D:\old\Old Layout\RootMC Workspace\Server Files (Handoff Off)\plugins\Towny\data\plot-block-data\world\-54_-11_16.zip
D:\old\Old Layout\RootMC Workspace\Server Files (Handoff Off)\plugins\Towny\data\plot-block-data\world\-54_-12_16.zip
D:\old\Old Layout\RootMC Workspace\Server Files (Handoff Off)\plugins\Towny\data\plot-block-data\world\-54_-13_16.zip
D:\old\Old Layout\RootMC Workspace\Server Files (Handoff Off)\plugins\Towny\data\plot-block-data\world\-54_-14_16.zip
D:\old\Old Layout\RootMC Workspace\Server Files (Handoff Off)\plugins\Towny\data\plot-block-data\world\-54_-15_16.zip
D:\old\Old Layout\RootMC Workspace\Server Files (Handoff Off)\plugins\Towny\data\plot-block-data\world\-54_-16_16.zip
D:\old\Old Layout\RootMC Workspace\Server Files (Handoff Off)\plugins\Towny\data\plot-block-data\world\-54_-25_16.zip
D:\old\Old Layout\RootMC Workspace\Server Files (Handoff Off)\plugins\Towny\data\plot-block-data\world\-54_-26_16.zip
D:\old\Old Layout\RootMC Workspace\Server Files (Handoff Off)\plugins\Towny\data\plot-block-data\world\-54_-27_16.zip
D:\old\Old Layout\RootMC Workspace\Server Files (Handoff Off)\plugins\Towny\data\plot-block-data\world\-54_-28_16.zip
D:\old\Old Layout\RootMC Workspace\Server Files (Handoff Off)\plugins\Towny\data\plot-block-data\world\-54_-7_16.zip
D:\old\Old Layout\RootMC Workspace\Server Files (Handoff Off)\plugins\Towny\data\plot-block-data\world\-54_-8_16.zip
D:\old\Old Layout\RootMC Workspace\Server Files (Handoff Off)\plugins\Towny\data\plot-block-data\world\-54_-9_16.zip
D:\old\Old Layout\RootMC Workspace\Server Files (Handoff Off)\plugins\Towny\data\plot-block-data\world\-55_-10_16.zip
D:\old\Old Layout\RootMC Workspace\Server Files (Handoff Off)\plugins\Towny\data\plot-block-data\world\-55_-11_16.zip
D:\old\Old Layout\RootMC Workspace\Server Files (Handoff Off)\plugins\Towny\data\plot-block-data\world\-55_-12_16.zip
D:\old\Old Layout\RootMC Workspace\Server Files (Handoff Off)\plugins\Towny\data\plot-block-data\world\-55_-13_16.zip
D:\old\Old Layout\RootMC Workspace\Server Files (Handoff Off)\plugins\Towny\data\plot-block-data\world\-55_-14_16.zip
D:\old\Old Layout\RootMC Workspace\Server Files (Handoff Off)\plugins\Towny\data\plot-block-data\world\-55_-15_16.zip
D:\old\Old Layout\RootMC Workspace\Server Files (Handoff Off)\plugins\Towny\data\plot-block-data\world\-55_-16_16.zip
D:\old\Old Layout\RootMC Workspace\Server Files (Handoff Off)\plugins\Towny\data\plot-block-data\world\-55_-21_16.zip
D:\old\Old Layout\RootMC Workspace\Server Files (Handoff Off)\plugins\Towny\data\plot-block-data\world\-55_-22_16.zip
D:\old\Old Layout\RootMC Workspace\Server Files (Handoff Off)\plugins\Towny\data\plot-block-data\world\-55_-23_16.zip
D:\old\Old Layout\RootMC Workspace\Server Files (Handoff Off)\plugins\Towny\data\plot-block-data\world\-55_-24_16.zip
D:\old\Old Layout\RootMC Workspace\Server Files (Handoff Off)\plugins\Towny\data\plot-block-data\world\-55_-25_16.zip
D:\old\Old Layout\RootMC Workspace\Server Files (Handoff Off)\plugins\Towny\data\plot-block-data\world\-55_-26_16.zip
D:\old\Old Layout\RootMC Workspace\Server Files (Handoff Off)\plugins\Towny\data\plot-block-data\world\-55_-27_16.zip
D:\old\Old Layout\RootMC Workspace\Server Files (Handoff Off)\plugins\Towny\data\plot-block-data\world\-55_-28_16.zip
D:\old\Old Layout\RootMC Workspace\Server Files (Handoff Off)\plugins\Towny\data\plot-block-data\world\-55_-29_16.zip
D:\old\Old Layout\RootMC Workspace\Server Files (Handoff Off)\plugins\Towny\data\plot-block-data\world\-55_-7_16.zip
D:\old\Old Layout\RootMC Workspace\Server Files (Handoff Off)\plugins\Towny\data\plot-block-data\world\-55_-8_16.zip
D:\old\Old Layout\RootMC Workspace\Server Files (Handoff Off)\plugins\Towny\data\plot-block-data\world\-55_-9_16.zip
D:\old\Old Layout\RootMC Workspace\Server Files (Handoff Off)\plugins\Towny\data\plot-block-data\world\-56_-10_16.zip
D:\old\Old Layout\RootMC Workspace\Server Files (Handoff Off)\plugins\Towny\data\plot-block-data\world\-56_-11_16.zip
D:\old\Old Layout\RootMC Workspace\Server Files (Handoff Off)\plugins\Towny\data\plot-block-data\world\-56_-12_16.zip
D:\old\Old Layout\RootMC Workspace\Server Files (Handoff Off)\plugins\Towny\data\plot-block-data\world\-56_-13_16.zip
D:\old\Old Layout\RootMC Workspace\Server Files (Handoff Off)\plugins\Towny\data\plot-block-data\world\-56_-14_16.zip
D:\old\Old Layout\RootMC Workspace\Server Files (Handoff Off)\plugins\Towny\data\plot-block-data\world\-56_-15_16.zip
D:\old\Old Layout\RootMC Workspace\Server Files (Handoff Off)\plugins\Towny\data\plot-block-data\world\-56_-16_16.zip
D:\old\Old Layout\RootMC Workspace\Server Files (Handoff Off)\plugins\Towny\data\plot-block-data\world\-56_-21_16.zip
D:\old\Old Layout\RootMC Workspace\Server Files (Handoff Off)\plugins\Towny\data\plot-block-data\world\-56_-22_16.zip
D:\old\Old Layout\RootMC Workspace\Server Files (Handoff Off)\plugins\Towny\data\plot-block-data\world\-56_-23_16.zip
D:\old\Old Layout\RootMC Workspace\Server Files (Handoff Off)\plugins\Towny\data\plot-block-data\world\-56_-24_16.zip
D:\old\Old Layout\RootMC Workspace\Server Files (Handoff Off)\plugins\Towny\data\plot-block-data\world\-56_-27_16.zip
D:\old\Old Layout\RootMC Workspace\Server Files (Handoff Off)\plugins\Towny\data\plot-block-data\world\-56_-28_16.zip
D:\old\Old Layout\RootMC Workspace\Server Files (Handoff Off)\plugins\Towny\data\plot-block-data\world\-56_-29_16.zip
D:\old\Old Layout\RootMC Workspace\Server Files (Handoff Off)\plugins\Towny\data\plot-block-data\world\-56_-7_16.zip
D:\old\Old Layout\RootMC Workspace\Server Files (Handoff Off)\plugins\Towny\data\plot-block-data\world\-56_-8_16.zip
D:\old\Old Layout\RootMC Workspace\Server Files (Handoff Off)\plugins\Towny\data\plot-block-data\world\-56_-9_16.zip
D:\old\Old Layout\RootMC Workspace\Server Files (Handoff Off)\plugins\Towny\data\plot-block-data\world\-57_-13_16.zip
D:\old\Old Layout\RootMC Workspace\Server Files (Handoff Off)\plugins\Towny\data\plot-block-data\world\-57_-14_16.zip
D:\old\Old Layout\RootMC Workspace\Server Files (Handoff Off)\plugins\Towny\data\plot-block-data\world\-57_-15_16.zip
D:\old\Old Layout\RootMC Workspace\Server Files (Handoff Off)\plugins\Towny\data\plot-block-data\world\-57_-16_16.zip
D:\old\Old Layout\RootMC Workspace\Server Files (Handoff Off)\plugins\Towny\data\plot-block-data\world\-57_-27_16.zip
D:\old\Old Layout\RootMC Workspace\Server Files (Handoff Off)\plugins\Towny\data\plot-block-data\world\-57_-28_16.zip
D:\old\Old Layout\RootMC Workspace\Server Files (Handoff Off)\plugins\Towny\data\plot-block-data\world\-57_-29_16.zip
D:\old\Old Layout\RootMC Workspace\Server Files (Handoff Off)\plugins\Towny\data\plot-block-data\world\-57_-7_16.zip
D:\old\Old Layout\RootMC Workspace\Server Files (Handoff Off)\plugins\Towny\data\plot-block-data\world\-57_-8_16.zip
D:\old\Old Layout\RootMC Workspace\Server Files (Handoff Off)\plugins\Towny\data\plot-block-data\world\-57_-9_16.zip
D:\old\Old Layout\RootMC Workspace\Server Files (Handoff Off)\plugins\Towny\data\plot-block-data\world\-58_-13_16.zip
D:\old\Old Layout\RootMC Workspace\Server Files (Handoff Off)\plugins\Towny\data\plot-block-data\world\-58_-14_16.zip
D:\old\Old Layout\RootMC Workspace\Server Files (Handoff Off)\plugins\Towny\data\plot-block-data\world\-58_-15_16.zip
D:\old\Old Layout\RootMC Workspace\Server Files (Handoff Off)\plugins\Towny\data\plot-block-data\world\-58_-16_16.zip
D:\old\Old Layout\RootMC Workspace\Server Files (Handoff Off)\plugins\Towny\data\plot-block-data\world\-58_-7_16.zip
D:\old\Old Layout\RootMC Workspace\Server Files (Handoff Off)\plugins\Towny\data\plot-block-data\world\-58_-8_16.zip
D:\old\Old Layout\RootMC Workspace\Server Files (Handoff Off)\plugins\Towny\data\plot-block-data\world\-58_-9_16.zip
D:\old\Old Layout\RootMC Workspace\Server Files (Handoff Off)\plugins\Towny\data\plot-block-data\world\-59_-13_16.zip
D:\old\Old Layout\RootMC Workspace\Server Files (Handoff Off)\plugins\Towny\data\plot-block-data\world\-59_-14_16.zip
D:\old\Old Layout\RootMC Workspace\Server Files (Handoff Off)\plugins\Towny\data\plot-block-data\world\-59_-15_16.zip
D:\old\Old Layout\RootMC Workspace\Server Files (Handoff Off)\plugins\Towny\data\plot-block-data\world\-59_-16_16.zip
D:\old\Old Layout\RootMC Workspace\Server Files (Handoff Off)\plugins\Towny\data\plot-block-data\world\-60_-14_16.zip
D:\old\Old Layout\RootMC Workspace\Server Files (Handoff Off)\plugins\Towny\data\plot-block-data\world\-60_-15_16.zip
D:\old\Old Layout\RootMC Workspace\Server Files (Handoff Off)\plugins\Towny\data\plot-block-data\world\-60_-16_16.zip
D:\old\Old Layout\RootMC Workspace\Server Files (Handoff Off)\plugins\Towny\data\plot-block-data\world\-61_-15_16.zip
D:\old\Old Layout\RootMC Workspace\Server Files (Handoff Off)\plugins\Towny\data\plot-block-data\world\-61_-16_16.zip
D:\old\Old Layout\RootMC Workspace\Server Files (Handoff Off)\plugins\Towny\data\plot-block-data\world\-61_-196_16.zip
D:\old\Old Layout\RootMC Workspace\Server Files (Handoff Off)\plugins\Towny\data\plot-block-data\world\-93_-177_16.zip
D:\old\Old Layout\RootMC Workspace\Server Files (Handoff Off)\plugins\Towny\data\plot-block-data\world\-93_-178_16.zip
D:\old\Old Layout\RootMC Workspace\Server Files (Handoff Off)\plugins\Towny\data\plot-block-data\world\-93_-179_16.zip
D:\old\Old Layout\RootMC Workspace\Server Files (Handoff Off)\plugins\Towny\data\plot-block-data\world\-93_-180_16.zip
D:\old\Old Layout\RootMC Workspace\Server Files (Handoff Off)\plugins\Towny\data\plot-block-data\world\-94_-176_16.zip
D:\old\Old Layout\RootMC Workspace\Server Files (Handoff Off)\plugins\Towny\data\plot-block-data\world\-94_-177_16.zip
D:\old\Old Layout\RootMC Workspace\Server Files (Handoff Off)\plugins\Towny\data\plot-block-data\world\-94_-178_16.zip
D:\old\Old Layout\RootMC Workspace\Server Files (Handoff Off)\plugins\Towny\data\plot-block-data\world\-94_-179_16.zip
D:\old\Old Layout\RootMC Workspace\Server Files (Handoff Off)\plugins\Towny\data\plot-block-data\world\-94_-180_16.zip
D:\old\Old Layout\RootMC Workspace\Server Files (Handoff Off)\plugins\Towny\data\plot-block-data\world\-95_-176_16.zip
D:\old\Old Layout\RootMC Workspace\Server Files (Handoff Off)\plugins\Towny\data\plot-block-data\world\-95_-177_16.zip
D:\old\Old Layout\RootMC Workspace\Server Files (Handoff Off)\plugins\Towny\data\plot-block-data\world\-95_-178_16.zip
D:\old\Old Layout\RootMC Workspace\Server Files (Handoff Off)\plugins\Towny\data\plot-block-data\world\-95_-179_16.zip
D:\old\Old Layout\RootMC Workspace\Server Files (Handoff Off)\plugins\Towny\data\plot-block-data\world\-95_-180_16.zip
D:\old\Old Layout\RootMC Workspace\Server Files (Handoff Off)\plugins\Towny\data\plot-block-data\world\-96_-176_16.zip
D:\old\Old Layout\RootMC Workspace\Server Files (Handoff Off)\plugins\Towny\data\plot-block-data\world\-96_-177_16.zip
D:\old\Old Layout\RootMC Workspace\Server Files (Handoff Off)\plugins\Towny\data\plot-block-data\world\-96_-178_16.zip
D:\old\Old Layout\RootMC Workspace\Server Files (Handoff Off)\plugins\Towny\data\plot-block-data\world\-96_-179_16.zip
D:\old\Old Layout\RootMC Workspace\Server Files (Handoff Off)\plugins\Towny\data\plot-block-data\world\-96_-180_16.zip
D:\old\Old Layout\RootMC Workspace\Server Files (Handoff Off)\plugins\Towny\data\plot-block-data\world\20_-26_16.zip
D:\old\Old Layout\RootMC Workspace\Server Files (Handoff Off)\plugins\Towny\data\plot-block-data\world\21_11_16.zip
D:\old\Old Layout\RootMC Workspace\Server Files (Handoff Off)\plugins\Towny\data\plot-block-data\world\41_-100_16.zip
D:\old\Old Layout\secrets\Solana-Wallets\build-guide\SolanaTools\base_library.zip
D:\old\Old Layout\secrets\Solana-Wallets\dist-guide\Solana Tools\_internal\base_library.zip
D:\old\Old Layout\_archive\D-drive-preformat-20260708-selected\rootrecord-full-20260320-033723Z.zip
D:\old\pregen3backup\bluemap\resourceExtensions.zip
D:\old\pregen3backup\plugins\mcMMO\backup\2026-06-06 07-15-41.zip
D:\old\pregen3backup\plugins\mcMMO\backup\2026-06-11 04-10-44.zip
D:\old\pregen3backup\plugins\mcMMO\backup\2026-06-17 04-30-01.zip
D:\old\pregen3backup\plugins\mcMMO\backup\2026-06-25 06-33-14.zip
D:\old\pregen3backup\plugins\mcMMO\backup\2026-07-01 21-01-48.zip
D:\old\pregen3backup\plugins\mcMMO\backup\2026-07-05 01-42-24.zip
D:\old\pregen3backup\plugins\mcMMO\backup\2026-07-12 21-47-22.zip
D:\old\pregen3backup\plugins\mcMMO\backup\2026-07-15 03-44-19.zip
D:\old\pregen3backup\plugins\mcMMO\backup\2026-07-16 20-52-57.zip
D:\old\pregen3backup\plugins\mcMMO\backup\2026-07-17 21-49-12.zip
D:\old\pregen3backup\plugins\mcMMO\backup\2026-07-18 20-22-34.zip
D:\old\pregen3backup\plugins\mcMMO\backup\2026-07-19 22-14-52.zip
D:\old\pregen3backup\plugins\mcMMO\backup\2026-07-20 07-27-59.zip
D:\old\pregen3backup\plugins\mcMMO\backup\2026-07-20 10-00-11.zip
D:\old\pregen3backup\plugins\mcMMO\backup\2026-07-21 04-12-51.zip
D:\old\pregen3backup\plugins\mcMMO\backup\2026-07-21 10-00-08.zip
D:\old\pregen3backup\plugins\mcMMO\backup\2026-07-21 23-44-09.zip
D:\old\pregen3backup\plugins\mcMMO\backup\2026-07-21 23-47-19.zip
D:\old\pregen3backup\plugins\mcMMO\backup\2026-07-22 00-10-31.zip
D:\old\pregen3backup\plugins\mcMMO\backup\2026-07-22 06-06-54.zip
D:\old\pregen3backup\plugins\Towny\data\plot-block-data\world\-276_447_16.zip
D:\old\pregen3backup\plugins\Towny\data\plot-block-data\world\-276_448_16.zip
D:\old\pregen3backup\plugins\Towny\data\plot-block-data\world\-276_449_16.zip
D:\old\pregen3backup\plugins\Towny\data\plot-block-data\world\-277_447_16.zip
D:\old\pregen3backup\plugins\Towny\data\plot-block-data\world\-277_448_16.zip
D:\old\pregen3backup\plugins\Towny\data\plot-block-data\world\-277_449_16.zip
D:\old\pregen3backup\plugins\Towny\data\plot-block-data\world\-278_447_16.zip
D:\old\pregen3backup\plugins\Towny\data\plot-block-data\world\-278_448_16.zip
D:\old\pregen3backup\plugins\Towny\data\plot-block-data\world\-45_-15_16.zip
D:\old\pregen3backup\plugins\Towny\data\plot-block-data\world\-45_-16_16.zip
D:\old\pregen3backup\plugins\Towny\data\plot-block-data\world\-46_-15_16.zip
D:\old\pregen3backup\plugins\Towny\data\plot-block-data\world\-46_-16_16.zip
D:\old\pregen3backup\plugins\Towny\data\plot-block-data\world\-471_-414_16.zip
D:\old\pregen3backup\plugins\Towny\data\plot-block-data\world\-471_-415_16.zip
D:\old\pregen3backup\plugins\Towny\data\plot-block-data\world\-471_-416_16.zip
D:\old\pregen3backup\plugins\Towny\data\plot-block-data\world\-472_-414_16.zip
D:\old\pregen3backup\plugins\Towny\data\plot-block-data\world\-472_-415_16.zip
D:\old\pregen3backup\plugins\Towny\data\plot-block-data\world\-472_-416_16.zip
D:\old\pregen3backup\plugins\Towny\data\plot-block-data\world\-473_-414_16.zip
D:\old\pregen3backup\plugins\Towny\data\plot-block-data\world\-473_-415_16.zip
D:\old\pregen3backup\plugins\Towny\data\plot-block-data\world\-473_-416_16.zip
D:\old\pregen3backup\plugins\Towny\data\plot-block-data\world\-47_-15_16.zip
D:\old\pregen3backup\plugins\Towny\data\plot-block-data\world\-47_-16_16.zip
D:\old\pregen3backup\plugins\Towny\data\plot-block-data\world\-48_-15_16.zip
D:\old\pregen3backup\plugins\Towny\data\plot-block-data\world\-48_-16_16.zip
D:\old\pregen3backup\plugins\Towny\data\plot-block-data\world\-48_-8_16.zip
D:\old\pregen3backup\plugins\Towny\data\plot-block-data\world\-49_-14_16.zip
D:\old\pregen3backup\plugins\Towny\data\plot-block-data\world\-49_-15_16.zip
D:\old\pregen3backup\plugins\Towny\data\plot-block-data\world\-49_-16_16.zip
D:\old\pregen3backup\plugins\Towny\data\plot-block-data\world\-49_-7_16.zip
D:\old\pregen3backup\plugins\Towny\data\plot-block-data\world\-49_-8_16.zip
D:\old\pregen3backup\plugins\Towny\data\plot-block-data\world\-49_-9_16.zip
D:\old\pregen3backup\plugins\Towny\data\plot-block-data\world\-50_-13_16.zip
D:\old\pregen3backup\plugins\Towny\data\plot-block-data\world\-50_-14_16.zip
D:\old\pregen3backup\plugins\Towny\data\plot-block-data\world\-50_-15_16.zip
D:\old\pregen3backup\plugins\Towny\data\plot-block-data\world\-50_-16_16.zip
D:\old\pregen3backup\plugins\Towny\data\plot-block-data\world\-50_-7_16.zip
D:\old\pregen3backup\plugins\Towny\data\plot-block-data\world\-50_-8_16.zip
D:\old\pregen3backup\plugins\Towny\data\plot-block-data\world\-50_-9_16.zip
D:\old\pregen3backup\plugins\Towny\data\plot-block-data\world\-51_-13_16.zip
D:\old\pregen3backup\plugins\Towny\data\plot-block-data\world\-51_-14_16.zip
D:\old\pregen3backup\plugins\Towny\data\plot-block-data\world\-51_-15_16.zip
D:\old\pregen3backup\plugins\Towny\data\plot-block-data\world\-51_-16_16.zip
D:\old\pregen3backup\plugins\Towny\data\plot-block-data\world\-51_-17_16.zip
D:\old\pregen3backup\plugins\Towny\data\plot-block-data\world\-51_-26_16.zip
D:\old\pregen3backup\plugins\Towny\data\plot-block-data\world\-51_-27_16.zip
D:\old\pregen3backup\plugins\Towny\data\plot-block-data\world\-51_-28_16.zip
D:\old\pregen3backup\plugins\Towny\data\plot-block-data\world\-51_-7_16.zip
D:\old\pregen3backup\plugins\Towny\data\plot-block-data\world\-51_-8_16.zip
D:\old\pregen3backup\plugins\Towny\data\plot-block-data\world\-51_-9_16.zip
D:\old\pregen3backup\plugins\Towny\data\plot-block-data\world\-52_-13_16.zip
D:\old\pregen3backup\plugins\Towny\data\plot-block-data\world\-52_-14_16.zip
D:\old\pregen3backup\plugins\Towny\data\plot-block-data\world\-52_-15_16.zip
D:\old\pregen3backup\plugins\Towny\data\plot-block-data\world\-52_-16_16.zip
D:\old\pregen3backup\plugins\Towny\data\plot-block-data\world\-52_-17_16.zip
D:\old\pregen3backup\plugins\Towny\data\plot-block-data\world\-52_-26_16.zip
D:\old\pregen3backup\plugins\Towny\data\plot-block-data\world\-52_-27_16.zip
D:\old\pregen3backup\plugins\Towny\data\plot-block-data\world\-52_-28_16.zip
D:\old\pregen3backup\plugins\Towny\data\plot-block-data\world\-52_-7_16.zip
D:\old\pregen3backup\plugins\Towny\data\plot-block-data\world\-52_-8_16.zip
D:\old\pregen3backup\plugins\Towny\data\plot-block-data\world\-52_-9_16.zip
D:\old\pregen3backup\plugins\Towny\data\plot-block-data\world\-53_-10_16.zip
D:\old\pregen3backup\plugins\Towny\data\plot-block-data\world\-53_-11_16.zip
D:\old\pregen3backup\plugins\Towny\data\plot-block-data\world\-53_-12_16.zip
D:\old\pregen3backup\plugins\Towny\data\plot-block-data\world\-53_-13_16.zip
D:\old\pregen3backup\plugins\Towny\data\plot-block-data\world\-53_-14_16.zip
D:\old\pregen3backup\plugins\Towny\data\plot-block-data\world\-53_-15_16.zip
D:\old\pregen3backup\plugins\Towny\data\plot-block-data\world\-53_-16_16.zip
D:\old\pregen3backup\plugins\Towny\data\plot-block-data\world\-53_-17_16.zip
D:\old\pregen3backup\plugins\Towny\data\plot-block-data\world\-53_-26_16.zip
D:\old\pregen3backup\plugins\Towny\data\plot-block-data\world\-53_-27_16.zip
D:\old\pregen3backup\plugins\Towny\data\plot-block-data\world\-53_-28_16.zip
D:\old\pregen3backup\plugins\Towny\data\plot-block-data\world\-53_-7_16.zip
D:\old\pregen3backup\plugins\Towny\data\plot-block-data\world\-53_-8_16.zip
D:\old\pregen3backup\plugins\Towny\data\plot-block-data\world\-53_-9_16.zip
D:\old\pregen3backup\plugins\Towny\data\plot-block-data\world\-54_-10_16.zip
D:\old\pregen3backup\plugins\Towny\data\plot-block-data\world\-54_-11_16.zip
D:\old\pregen3backup\plugins\Towny\data\plot-block-data\world\-54_-12_16.zip
D:\old\pregen3backup\plugins\Towny\data\plot-block-data\world\-54_-13_16.zip
D:\old\pregen3backup\plugins\Towny\data\plot-block-data\world\-54_-14_16.zip
D:\old\pregen3backup\plugins\Towny\data\plot-block-data\world\-54_-15_16.zip
D:\old\pregen3backup\plugins\Towny\data\plot-block-data\world\-54_-16_16.zip
D:\old\pregen3backup\plugins\Towny\data\plot-block-data\world\-54_-25_16.zip
D:\old\pregen3backup\plugins\Towny\data\plot-block-data\world\-54_-26_16.zip
D:\old\pregen3backup\plugins\Towny\data\plot-block-data\world\-54_-27_16.zip
D:\old\pregen3backup\plugins\Towny\data\plot-block-data\world\-54_-28_16.zip
D:\old\pregen3backup\plugins\Towny\data\plot-block-data\world\-54_-7_16.zip
D:\old\pregen3backup\plugins\Towny\data\plot-block-data\world\-54_-8_16.zip
D:\old\pregen3backup\plugins\Towny\data\plot-block-data\world\-54_-9_16.zip
D:\old\pregen3backup\plugins\Towny\data\plot-block-data\world\-55_-10_16.zip
D:\old\pregen3backup\plugins\Towny\data\plot-block-data\world\-55_-11_16.zip
D:\old\pregen3backup\plugins\Towny\data\plot-block-data\world\-55_-12_16.zip
D:\old\pregen3backup\plugins\Towny\data\plot-block-data\world\-55_-13_16.zip
D:\old\pregen3backup\plugins\Towny\data\plot-block-data\world\-55_-14_16.zip
D:\old\pregen3backup\plugins\Towny\data\plot-block-data\world\-55_-15_16.zip
D:\old\pregen3backup\plugins\Towny\data\plot-block-data\world\-55_-16_16.zip
D:\old\pregen3backup\plugins\Towny\data\plot-block-data\world\-55_-21_16.zip
D:\old\pregen3backup\plugins\Towny\data\plot-block-data\world\-55_-22_16.zip
D:\old\pregen3backup\plugins\Towny\data\plot-block-data\world\-55_-23_16.zip
D:\old\pregen3backup\plugins\Towny\data\plot-block-data\world\-55_-24_16.zip
D:\old\pregen3backup\plugins\Towny\data\plot-block-data\world\-55_-25_16.zip
D:\old\pregen3backup\plugins\Towny\data\plot-block-data\world\-55_-26_16.zip
D:\old\pregen3backup\plugins\Towny\data\plot-block-data\world\-55_-27_16.zip
D:\old\pregen3backup\plugins\Towny\data\plot-block-data\world\-55_-28_16.zip
D:\old\pregen3backup\plugins\Towny\data\plot-block-data\world\-55_-29_16.zip
D:\old\pregen3backup\plugins\Towny\data\plot-block-data\world\-55_-7_16.zip
D:\old\pregen3backup\plugins\Towny\data\plot-block-data\world\-55_-8_16.zip
D:\old\pregen3backup\plugins\Towny\data\plot-block-data\world\-55_-9_16.zip
D:\old\pregen3backup\plugins\Towny\data\plot-block-data\world\-56_-10_16.zip
D:\old\pregen3backup\plugins\Towny\data\plot-block-data\world\-56_-11_16.zip
D:\old\pregen3backup\plugins\Towny\data\plot-block-data\world\-56_-12_16.zip
D:\old\pregen3backup\plugins\Towny\data\plot-block-data\world\-56_-13_16.zip
D:\old\pregen3backup\plugins\Towny\data\plot-block-data\world\-56_-14_16.zip
D:\old\pregen3backup\plugins\Towny\data\plot-block-data\world\-56_-15_16.zip
D:\old\pregen3backup\plugins\Towny\data\plot-block-data\world\-56_-16_16.zip
D:\old\pregen3backup\plugins\Towny\data\plot-block-data\world\-56_-21_16.zip
D:\old\pregen3backup\plugins\Towny\data\plot-block-data\world\-56_-22_16.zip
D:\old\pregen3backup\plugins\Towny\data\plot-block-data\world\-56_-23_16.zip
D:\old\pregen3backup\plugins\Towny\data\plot-block-data\world\-56_-24_16.zip
D:\old\pregen3backup\plugins\Towny\data\plot-block-data\world\-56_-26_16.zip
D:\old\pregen3backup\plugins\Towny\data\plot-block-data\world\-56_-27_16.zip
D:\old\pregen3backup\plugins\Towny\data\plot-block-data\world\-56_-28_16.zip
D:\old\pregen3backup\plugins\Towny\data\plot-block-data\world\-56_-29_16.zip
D:\old\pregen3backup\plugins\Towny\data\plot-block-data\world\-56_-7_16.zip
D:\old\pregen3backup\plugins\Towny\data\plot-block-data\world\-56_-8_16.zip
D:\old\pregen3backup\plugins\Towny\data\plot-block-data\world\-56_-9_16.zip
D:\old\pregen3backup\plugins\Towny\data\plot-block-data\world\-57_-13_16.zip
D:\old\pregen3backup\plugins\Towny\data\plot-block-data\world\-57_-14_16.zip
D:\old\pregen3backup\plugins\Towny\data\plot-block-data\world\-57_-15_16.zip
D:\old\pregen3backup\plugins\Towny\data\plot-block-data\world\-57_-16_16.zip
D:\old\pregen3backup\plugins\Towny\data\plot-block-data\world\-57_-27_16.zip
D:\old\pregen3backup\plugins\Towny\data\plot-block-data\world\-57_-28_16.zip
D:\old\pregen3backup\plugins\Towny\data\plot-block-data\world\-57_-29_16.zip
D:\old\pregen3backup\plugins\Towny\data\plot-block-data\world\-57_-7_16.zip
D:\old\pregen3backup\plugins\Towny\data\plot-block-data\world\-57_-8_16.zip
D:\old\pregen3backup\plugins\Towny\data\plot-block-data\world\-57_-9_16.zip
D:\old\pregen3backup\plugins\Towny\data\plot-block-data\world\-58_-13_16.zip
D:\old\pregen3backup\plugins\Towny\data\plot-block-data\world\-58_-14_16.zip
D:\old\pregen3backup\plugins\Towny\data\plot-block-data\world\-58_-15_16.zip
D:\old\pregen3backup\plugins\Towny\data\plot-block-data\world\-58_-16_16.zip
D:\old\pregen3backup\plugins\Towny\data\plot-block-data\world\-58_-7_16.zip
D:\old\pregen3backup\plugins\Towny\data\plot-block-data\world\-58_-8_16.zip
D:\old\pregen3backup\plugins\Towny\data\plot-block-data\world\-58_-9_16.zip
D:\old\pregen3backup\plugins\Towny\data\plot-block-data\world\-59_-13_16.zip
D:\old\pregen3backup\plugins\Towny\data\plot-block-data\world\-59_-14_16.zip
D:\old\pregen3backup\plugins\Towny\data\plot-block-data\world\-59_-15_16.zip
D:\old\pregen3backup\plugins\Towny\data\plot-block-data\world\-59_-16_16.zip
D:\old\pregen3backup\plugins\Towny\data\plot-block-data\world\-60_-14_16.zip
D:\old\pregen3backup\plugins\Towny\data\plot-block-data\world\-60_-15_16.zip
D:\old\pregen3backup\plugins\Towny\data\plot-block-data\world\-60_-16_16.zip
D:\old\pregen3backup\plugins\Towny\data\plot-block-data\world\-61_-14_16.zip
D:\old\pregen3backup\plugins\Towny\data\plot-block-data\world\-61_-15_16.zip
D:\old\pregen3backup\plugins\Towny\data\plot-block-data\world\-61_-16_16.zip
D:\old\RootMC Workspace\0715.zip
D:\old\RootMC Workspace\Backup Towny 07122026 1528.zip
D:\old\RootMC Workspace\Backup Towny 07122026 1528\bluemap\resourceExtensions.zip
D:\old\RootMC Workspace\Backup Towny 07122026 1528\plugins\mcMMO\backup\2026-06-06 07-15-41.zip
D:\old\RootMC Workspace\Backup Towny 07122026 1528\plugins\mcMMO\backup\2026-06-11 04-10-44.zip
D:\old\RootMC Workspace\Backup Towny 07122026 1528\plugins\mcMMO\backup\2026-06-17 04-30-01.zip
D:\old\RootMC Workspace\Backup Towny 07122026 1528\plugins\mcMMO\backup\2026-06-20 16-19-54.zip
D:\old\RootMC Workspace\Backup Towny 07122026 1528\plugins\mcMMO\backup\2026-06-21 17-37-59.zip
D:\old\RootMC Workspace\Backup Towny 07122026 1528\plugins\mcMMO\backup\2026-06-22 12-05-53.zip
D:\old\RootMC Workspace\Backup Towny 07122026 1528\plugins\mcMMO\backup\2026-06-23 08-34-47.zip
D:\old\RootMC Workspace\Backup Towny 07122026 1528\plugins\mcMMO\backup\2026-06-24 10-03-01.zip
D:\old\RootMC Workspace\Backup Towny 07122026 1528\plugins\mcMMO\backup\2026-06-25 06-33-14.zip
D:\old\RootMC Workspace\Backup Towny 07122026 1528\plugins\mcMMO\backup\2026-06-25 18-44-00.zip
D:\old\RootMC Workspace\Backup Towny 07122026 1528\plugins\mcMMO\backup\2026-06-26 06-59-30.zip
D:\old\RootMC Workspace\Backup Towny 07122026 1528\plugins\mcMMO\backup\2026-06-26 18-13-16.zip
D:\old\RootMC Workspace\Backup Towny 07122026 1528\plugins\mcMMO\backup\2026-06-26 18-32-05.zip
D:\old\RootMC Workspace\Backup Towny 07122026 1528\plugins\mcMMO\backup\2026-06-27 10-00-13.zip
D:\old\RootMC Workspace\Backup Towny 07122026 1528\plugins\mcMMO\backup\2026-06-27 12-50-01.zip
D:\old\RootMC Workspace\Backup Towny 07122026 1528\plugins\mcMMO\backup\2026-06-27 13-46-47.zip
D:\old\RootMC Workspace\Backup Towny 07122026 1528\plugins\mcMMO\backup\2026-06-28 10-00-13.zip
D:\old\RootMC Workspace\Backup Towny 07122026 1528\plugins\mcMMO\backup\2026-06-28 10-32-04.zip
D:\old\RootMC Workspace\Backup Towny 07122026 1528\plugins\mcMMO\backup\2026-06-29 13-42-13.zip
D:\old\RootMC Workspace\Backup Towny 07122026 1528\plugins\mcMMO\backup\2026-06-30 16-40-51.zip
D:\old\RootMC Workspace\Backup Towny 07122026 1528\plugins\mcMMO\backup\2026-07-01 07-37-45.zip
D:\old\RootMC Workspace\Backup Towny 07122026 1528\plugins\mcMMO\backup\2026-07-01 08-25-12.zip
D:\old\RootMC Workspace\Backup Towny 07122026 1528\plugins\mcMMO\backup\2026-07-01 10-00-53.zip
D:\old\RootMC Workspace\Backup Towny 07122026 1528\plugins\mcMMO\backup\2026-07-01 17-18-25.zip
D:\old\RootMC Workspace\Backup Towny 07122026 1528\plugins\mcMMO\backup\2026-07-01 17-23-46.zip
D:\old\RootMC Workspace\Backup Towny 07122026 1528\plugins\mcMMO\backup\2026-07-01 17-49-16.zip
D:\old\RootMC Workspace\Backup Towny 07122026 1528\plugins\mcMMO\backup\2026-07-01 21-01-48.zip
D:\old\RootMC Workspace\Backup Towny 07122026 1528\plugins\mcMMO\backup\2026-07-02 10-00-01.zip
D:\old\RootMC Workspace\Backup Towny 07122026 1528\plugins\mcMMO\backup\2026-07-03 04-29-43.zip
D:\old\RootMC Workspace\Backup Towny 07122026 1528\plugins\mcMMO\backup\2026-07-04 23-12-52.zip
D:\old\RootMC Workspace\Backup Towny 07122026 1528\plugins\mcMMO\backup\2026-07-05 01-42-24.zip
D:\old\RootMC Workspace\Backup Towny 07122026 1528\plugins\mcMMO\backup\2026-07-05 19-35-16.zip
D:\old\RootMC Workspace\Backup Towny 07122026 1528\plugins\mcMMO\backup\2026-07-06 13-34-16.zip
D:\old\RootMC Workspace\Backup Towny 07122026 1528\plugins\mcMMO\backup\2026-07-07 10-00-08.zip
D:\old\RootMC Workspace\Backup Towny 07122026 1528\plugins\mcMMO\backup\2026-07-07 14-31-10.zip
D:\old\RootMC Workspace\Backup Towny 07122026 1528\plugins\mcMMO\backup\2026-07-07 14-39-12.zip
D:\old\RootMC Workspace\Backup Towny 07122026 1528\plugins\mcMMO\backup\2026-07-07 14-55-57.zip
D:\old\RootMC Workspace\Backup Towny 07122026 1528\plugins\mcMMO\backup\2026-07-07 15-57-59.zip
D:\old\RootMC Workspace\Backup Towny 07122026 1528\plugins\mcMMO\backup\2026-07-07 16-40-26.zip
D:\old\RootMC Workspace\Backup Towny 07122026 1528\plugins\mcMMO\backup\2026-07-07 17-17-03.zip
D:\old\RootMC Workspace\Backup Towny 07122026 1528\plugins\mcMMO\backup\2026-07-07 19-11-50.zip
D:\old\RootMC Workspace\Backup Towny 07122026 1528\plugins\mcMMO\backup\2026-07-08 05-15-46.zip
D:\old\RootMC Workspace\Backup Towny 07122026 1528\plugins\mcMMO\backup\2026-07-08 05-54-04.zip
D:\old\RootMC Workspace\Backup Towny 07122026 1528\plugins\mcMMO\backup\2026-07-08 06-35-05.zip
D:\old\RootMC Workspace\Backup Towny 07122026 1528\plugins\mcMMO\backup\2026-07-08 08-12-43.zip
D:\old\RootMC Workspace\Backup Towny 07122026 1528\plugins\mcMMO\backup\2026-07-09 09-40-41.zip
D:\old\RootMC Workspace\Backup Towny 07122026 1528\plugins\Towny\data\plot-block-data\world\-120_-256_16.zip
D:\old\RootMC Workspace\Backup Towny 07122026 1528\plugins\Towny\data\plot-block-data\world\-120_-257_16.zip
D:\old\RootMC Workspace\Backup Towny 07122026 1528\plugins\Towny\data\plot-block-data\world\-121_-251_16.zip
D:\old\RootMC Workspace\Backup Towny 07122026 1528\plugins\Towny\data\plot-block-data\world\-121_-252_16.zip
D:\old\RootMC Workspace\Backup Towny 07122026 1528\plugins\Towny\data\plot-block-data\world\-121_-253_16.zip
D:\old\RootMC Workspace\Backup Towny 07122026 1528\plugins\Towny\data\plot-block-data\world\-121_-255_16.zip
D:\old\RootMC Workspace\Backup Towny 07122026 1528\plugins\Towny\data\plot-block-data\world\-121_-256_16.zip
D:\old\RootMC Workspace\Backup Towny 07122026 1528\plugins\Towny\data\plot-block-data\world\-121_-257_16.zip
D:\old\RootMC Workspace\Backup Towny 07122026 1528\plugins\Towny\data\plot-block-data\world\-122_-251_16.zip
D:\old\RootMC Workspace\Backup Towny 07122026 1528\plugins\Towny\data\plot-block-data\world\-122_-252_16.zip
D:\old\RootMC Workspace\Backup Towny 07122026 1528\plugins\Towny\data\plot-block-data\world\-122_-253_16.zip
D:\old\RootMC Workspace\Backup Towny 07122026 1528\plugins\Towny\data\plot-block-data\world\-122_-254_16.zip
D:\old\RootMC Workspace\Backup Towny 07122026 1528\plugins\Towny\data\plot-block-data\world\-122_-255_16.zip
D:\old\RootMC Workspace\Backup Towny 07122026 1528\plugins\Towny\data\plot-block-data\world\-122_-256_16.zip
D:\old\RootMC Workspace\Backup Towny 07122026 1528\plugins\Towny\data\plot-block-data\world\-122_-257_16.zip
D:\old\RootMC Workspace\Backup Towny 07122026 1528\plugins\Towny\data\plot-block-data\world\-157_-244_16.zip
D:\old\RootMC Workspace\Backup Towny 07122026 1528\plugins\Towny\data\plot-block-data\world\-158_-242_16.zip
D:\old\RootMC Workspace\Backup Towny 07122026 1528\plugins\Towny\data\plot-block-data\world\-158_-243_16.zip
D:\old\RootMC Workspace\Backup Towny 07122026 1528\plugins\Towny\data\plot-block-data\world\-158_-244_16.zip
D:\old\RootMC Workspace\Backup Towny 07122026 1528\plugins\Towny\data\plot-block-data\world\-159_-242_16.zip
D:\old\RootMC Workspace\Backup Towny 07122026 1528\plugins\Towny\data\plot-block-data\world\-159_-243_16.zip
D:\old\RootMC Workspace\Backup Towny 07122026 1528\plugins\Towny\data\plot-block-data\world\-276_447_16.zip
D:\old\RootMC Workspace\Backup Towny 07122026 1528\plugins\Towny\data\plot-block-data\world\-276_448_16.zip
D:\old\RootMC Workspace\Backup Towny 07122026 1528\plugins\Towny\data\plot-block-data\world\-276_449_16.zip
D:\old\RootMC Workspace\Backup Towny 07122026 1528\plugins\Towny\data\plot-block-data\world\-277_447_16.zip
D:\old\RootMC Workspace\Backup Towny 07122026 1528\plugins\Towny\data\plot-block-data\world\-277_448_16.zip
D:\old\RootMC Workspace\Backup Towny 07122026 1528\plugins\Towny\data\plot-block-data\world\-277_449_16.zip
D:\old\RootMC Workspace\Backup Towny 07122026 1528\plugins\Towny\data\plot-block-data\world\-278_447_16.zip
D:\old\RootMC Workspace\Backup Towny 07122026 1528\plugins\Towny\data\plot-block-data\world\-278_448_16.zip
D:\old\RootMC Workspace\Backup Towny 07122026 1528\plugins\Towny\data\plot-block-data\world\-47_-15_16.zip
D:\old\RootMC Workspace\Backup Towny 07122026 1528\plugins\Towny\data\plot-block-data\world\-47_-16_16.zip
D:\old\RootMC Workspace\Backup Towny 07122026 1528\plugins\Towny\data\plot-block-data\world\-48_-15_16.zip
D:\old\RootMC Workspace\Backup Towny 07122026 1528\plugins\Towny\data\plot-block-data\world\-48_-16_16.zip
D:\old\RootMC Workspace\Backup Towny 07122026 1528\plugins\Towny\data\plot-block-data\world\-48_-8_16.zip
D:\old\RootMC Workspace\Backup Towny 07122026 1528\plugins\Towny\data\plot-block-data\world\-49_-14_16.zip
D:\old\RootMC Workspace\Backup Towny 07122026 1528\plugins\Towny\data\plot-block-data\world\-49_-15_16.zip
D:\old\RootMC Workspace\Backup Towny 07122026 1528\plugins\Towny\data\plot-block-data\world\-49_-16_16.zip
D:\old\RootMC Workspace\Backup Towny 07122026 1528\plugins\Towny\data\plot-block-data\world\-49_-7_16.zip
D:\old\RootMC Workspace\Backup Towny 07122026 1528\plugins\Towny\data\plot-block-data\world\-49_-8_16.zip
D:\old\RootMC Workspace\Backup Towny 07122026 1528\plugins\Towny\data\plot-block-data\world\-49_-9_16.zip
D:\old\RootMC Workspace\Backup Towny 07122026 1528\plugins\Towny\data\plot-block-data\world\-50_-13_16.zip
D:\old\RootMC Workspace\Backup Towny 07122026 1528\plugins\Towny\data\plot-block-data\world\-50_-14_16.zip
D:\old\RootMC Workspace\Backup Towny 07122026 1528\plugins\Towny\data\plot-block-data\world\-50_-15_16.zip
D:\old\RootMC Workspace\Backup Towny 07122026 1528\plugins\Towny\data\plot-block-data\world\-50_-16_16.zip
D:\old\RootMC Workspace\Backup Towny 07122026 1528\plugins\Towny\data\plot-block-data\world\-50_-7_16.zip
D:\old\RootMC Workspace\Backup Towny 07122026 1528\plugins\Towny\data\plot-block-data\world\-50_-8_16.zip
D:\old\RootMC Workspace\Backup Towny 07122026 1528\plugins\Towny\data\plot-block-data\world\-50_-9_16.zip
D:\old\RootMC Workspace\Backup Towny 07122026 1528\plugins\Towny\data\plot-block-data\world\-51_-13_16.zip
D:\old\RootMC Workspace\Backup Towny 07122026 1528\plugins\Towny\data\plot-block-data\world\-51_-14_16.zip
D:\old\RootMC Workspace\Backup Towny 07122026 1528\plugins\Towny\data\plot-block-data\world\-51_-15_16.zip
D:\old\RootMC Workspace\Backup Towny 07122026 1528\plugins\Towny\data\plot-block-data\world\-51_-16_16.zip
D:\old\RootMC Workspace\Backup Towny 07122026 1528\plugins\Towny\data\plot-block-data\world\-51_-26_16.zip
D:\old\RootMC Workspace\Backup Towny 07122026 1528\plugins\Towny\data\plot-block-data\world\-51_-27_16.zip
D:\old\RootMC Workspace\Backup Towny 07122026 1528\plugins\Towny\data\plot-block-data\world\-51_-28_16.zip
D:\old\RootMC Workspace\Backup Towny 07122026 1528\plugins\Towny\data\plot-block-data\world\-51_-7_16.zip
D:\old\RootMC Workspace\Backup Towny 07122026 1528\plugins\Towny\data\plot-block-data\world\-51_-8_16.zip
D:\old\RootMC Workspace\Backup Towny 07122026 1528\plugins\Towny\data\plot-block-data\world\-51_-9_16.zip
D:\old\RootMC Workspace\Backup Towny 07122026 1528\plugins\Towny\data\plot-block-data\world\-52_-13_16.zip
D:\old\RootMC Workspace\Backup Towny 07122026 1528\plugins\Towny\data\plot-block-data\world\-52_-14_16.zip
D:\old\RootMC Workspace\Backup Towny 07122026 1528\plugins\Towny\data\plot-block-data\world\-52_-15_16.zip
D:\old\RootMC Workspace\Backup Towny 07122026 1528\plugins\Towny\data\plot-block-data\world\-52_-16_16.zip
D:\old\RootMC Workspace\Backup Towny 07122026 1528\plugins\Towny\data\plot-block-data\world\-52_-26_16.zip
D:\old\RootMC Workspace\Backup Towny 07122026 1528\plugins\Towny\data\plot-block-data\world\-52_-27_16.zip
D:\old\RootMC Workspace\Backup Towny 07122026 1528\plugins\Towny\data\plot-block-data\world\-52_-28_16.zip
D:\old\RootMC Workspace\Backup Towny 07122026 1528\plugins\Towny\data\plot-block-data\world\-52_-7_16.zip
D:\old\RootMC Workspace\Backup Towny 07122026 1528\plugins\Towny\data\plot-block-data\world\-52_-8_16.zip
D:\old\RootMC Workspace\Backup Towny 07122026 1528\plugins\Towny\data\plot-block-data\world\-52_-9_16.zip
D:\old\RootMC Workspace\Backup Towny 07122026 1528\plugins\Towny\data\plot-block-data\world\-53_-10_16.zip
D:\old\RootMC Workspace\Backup Towny 07122026 1528\plugins\Towny\data\plot-block-data\world\-53_-11_16.zip
D:\old\RootMC Workspace\Backup Towny 07122026 1528\plugins\Towny\data\plot-block-data\world\-53_-12_16.zip
D:\old\RootMC Workspace\Backup Towny 07122026 1528\plugins\Towny\data\plot-block-data\world\-53_-13_16.zip
D:\old\RootMC Workspace\Backup Towny 07122026 1528\plugins\Towny\data\plot-block-data\world\-53_-14_16.zip
D:\old\RootMC Workspace\Backup Towny 07122026 1528\plugins\Towny\data\plot-block-data\world\-53_-15_16.zip
D:\old\RootMC Workspace\Backup Towny 07122026 1528\plugins\Towny\data\plot-block-data\world\-53_-16_16.zip
D:\old\RootMC Workspace\Backup Towny 07122026 1528\plugins\Towny\data\plot-block-data\world\-53_-26_16.zip
D:\old\RootMC Workspace\Backup Towny 07122026 1528\plugins\Towny\data\plot-block-data\world\-53_-27_16.zip
D:\old\RootMC Workspace\Backup Towny 07122026 1528\plugins\Towny\data\plot-block-data\world\-53_-28_16.zip
D:\old\RootMC Workspace\Backup Towny 07122026 1528\plugins\Towny\data\plot-block-data\world\-53_-7_16.zip
D:\old\RootMC Workspace\Backup Towny 07122026 1528\plugins\Towny\data\plot-block-data\world\-53_-8_16.zip
D:\old\RootMC Workspace\Backup Towny 07122026 1528\plugins\Towny\data\plot-block-data\world\-53_-9_16.zip
D:\old\RootMC Workspace\Backup Towny 07122026 1528\plugins\Towny\data\plot-block-data\world\-54_-10_16.zip
D:\old\RootMC Workspace\Backup Towny 07122026 1528\plugins\Towny\data\plot-block-data\world\-54_-11_16.zip
D:\old\RootMC Workspace\Backup Towny 07122026 1528\plugins\Towny\data\plot-block-data\world\-54_-12_16.zip
D:\old\RootMC Workspace\Backup Towny 07122026 1528\plugins\Towny\data\plot-block-data\world\-54_-13_16.zip
D:\old\RootMC Workspace\Backup Towny 07122026 1528\plugins\Towny\data\plot-block-data\world\-54_-14_16.zip
D:\old\RootMC Workspace\Backup Towny 07122026 1528\plugins\Towny\data\plot-block-data\world\-54_-15_16.zip
D:\old\RootMC Workspace\Backup Towny 07122026 1528\plugins\Towny\data\plot-block-data\world\-54_-16_16.zip
D:\old\RootMC Workspace\Backup Towny 07122026 1528\plugins\Towny\data\plot-block-data\world\-54_-25_16.zip
D:\old\RootMC Workspace\Backup Towny 07122026 1528\plugins\Towny\data\plot-block-data\world\-54_-26_16.zip
D:\old\RootMC Workspace\Backup Towny 07122026 1528\plugins\Towny\data\plot-block-data\world\-54_-27_16.zip
D:\old\RootMC Workspace\Backup Towny 07122026 1528\plugins\Towny\data\plot-block-data\world\-54_-28_16.zip
D:\old\RootMC Workspace\Backup Towny 07122026 1528\plugins\Towny\data\plot-block-data\world\-54_-7_16.zip
D:\old\RootMC Workspace\Backup Towny 07122026 1528\plugins\Towny\data\plot-block-data\world\-54_-8_16.zip
D:\old\RootMC Workspace\Backup Towny 07122026 1528\plugins\Towny\data\plot-block-data\world\-54_-9_16.zip
D:\old\RootMC Workspace\Backup Towny 07122026 1528\plugins\Towny\data\plot-block-data\world\-55_-10_16.zip
D:\old\RootMC Workspace\Backup Towny 07122026 1528\plugins\Towny\data\plot-block-data\world\-55_-11_16.zip
D:\old\RootMC Workspace\Backup Towny 07122026 1528\plugins\Towny\data\plot-block-data\world\-55_-12_16.zip
D:\old\RootMC Workspace\Backup Towny 07122026 1528\plugins\Towny\data\plot-block-data\world\-55_-13_16.zip
D:\old\RootMC Workspace\Backup Towny 07122026 1528\plugins\Towny\data\plot-block-data\world\-55_-14_16.zip
D:\old\RootMC Workspace\Backup Towny 07122026 1528\plugins\Towny\data\plot-block-data\world\-55_-15_16.zip
D:\old\RootMC Workspace\Backup Towny 07122026 1528\plugins\Towny\data\plot-block-data\world\-55_-16_16.zip
D:\old\RootMC Workspace\Backup Towny 07122026 1528\plugins\Towny\data\plot-block-data\world\-55_-21_16.zip
D:\old\RootMC Workspace\Backup Towny 07122026 1528\plugins\Towny\data\plot-block-data\world\-55_-22_16.zip
D:\old\RootMC Workspace\Backup Towny 07122026 1528\plugins\Towny\data\plot-block-data\world\-55_-23_16.zip
D:\old\RootMC Workspace\Backup Towny 07122026 1528\plugins\Towny\data\plot-block-data\world\-55_-24_16.zip
D:\old\RootMC Workspace\Backup Towny 07122026 1528\plugins\Towny\data\plot-block-data\world\-55_-25_16.zip
D:\old\RootMC Workspace\Backup Towny 07122026 1528\plugins\Towny\data\plot-block-data\world\-55_-26_16.zip
D:\old\RootMC Workspace\Backup Towny 07122026 1528\plugins\Towny\data\plot-block-data\world\-55_-27_16.zip
D:\old\RootMC Workspace\Backup Towny 07122026 1528\plugins\Towny\data\plot-block-data\world\-55_-28_16.zip
D:\old\RootMC Workspace\Backup Towny 07122026 1528\plugins\Towny\data\plot-block-data\world\-55_-29_16.zip
D:\old\RootMC Workspace\Backup Towny 07122026 1528\plugins\Towny\data\plot-block-data\world\-55_-7_16.zip
D:\old\RootMC Workspace\Backup Towny 07122026 1528\plugins\Towny\data\plot-block-data\world\-55_-8_16.zip
D:\old\RootMC Workspace\Backup Towny 07122026 1528\plugins\Towny\data\plot-block-data\world\-55_-9_16.zip
D:\old\RootMC Workspace\Backup Towny 07122026 1528\plugins\Towny\data\plot-block-data\world\-56_-10_16.zip
D:\old\RootMC Workspace\Backup Towny 07122026 1528\plugins\Towny\data\plot-block-data\world\-56_-11_16.zip
D:\old\RootMC Workspace\Backup Towny 07122026 1528\plugins\Towny\data\plot-block-data\world\-56_-12_16.zip
D:\old\RootMC Workspace\Backup Towny 07122026 1528\plugins\Towny\data\plot-block-data\world\-56_-13_16.zip
D:\old\RootMC Workspace\Backup Towny 07122026 1528\plugins\Towny\data\plot-block-data\world\-56_-14_16.zip
D:\old\RootMC Workspace\Backup Towny 07122026 1528\plugins\Towny\data\plot-block-data\world\-56_-15_16.zip
D:\old\RootMC Workspace\Backup Towny 07122026 1528\plugins\Towny\data\plot-block-data\world\-56_-16_16.zip
D:\old\RootMC Workspace\Backup Towny 07122026 1528\plugins\Towny\data\plot-block-data\world\-56_-21_16.zip
D:\old\RootMC Workspace\Backup Towny 07122026 1528\plugins\Towny\data\plot-block-data\world\-56_-22_16.zip
D:\old\RootMC Workspace\Backup Towny 07122026 1528\plugins\Towny\data\plot-block-data\world\-56_-23_16.zip
D:\old\RootMC Workspace\Backup Towny 07122026 1528\plugins\Towny\data\plot-block-data\world\-56_-24_16.zip
D:\old\RootMC Workspace\Backup Towny 07122026 1528\plugins\Towny\data\plot-block-data\world\-56_-27_16.zip
D:\old\RootMC Workspace\Backup Towny 07122026 1528\plugins\Towny\data\plot-block-data\world\-56_-28_16.zip
D:\old\RootMC Workspace\Backup Towny 07122026 1528\plugins\Towny\data\plot-block-data\world\-56_-29_16.zip
D:\old\RootMC Workspace\Backup Towny 07122026 1528\plugins\Towny\data\plot-block-data\world\-56_-7_16.zip
D:\old\RootMC Workspace\Backup Towny 07122026 1528\plugins\Towny\data\plot-block-data\world\-56_-8_16.zip
D:\old\RootMC Workspace\Backup Towny 07122026 1528\plugins\Towny\data\plot-block-data\world\-56_-9_16.zip
D:\old\RootMC Workspace\Backup Towny 07122026 1528\plugins\Towny\data\plot-block-data\world\-57_-13_16.zip
D:\old\RootMC Workspace\Backup Towny 07122026 1528\plugins\Towny\data\plot-block-data\world\-57_-14_16.zip
D:\old\RootMC Workspace\Backup Towny 07122026 1528\plugins\Towny\data\plot-block-data\world\-57_-15_16.zip
D:\old\RootMC Workspace\Backup Towny 07122026 1528\plugins\Towny\data\plot-block-data\world\-57_-16_16.zip
D:\old\RootMC Workspace\Backup Towny 07122026 1528\plugins\Towny\data\plot-block-data\world\-57_-27_16.zip
D:\old\RootMC Workspace\Backup Towny 07122026 1528\plugins\Towny\data\plot-block-data\world\-57_-28_16.zip
D:\old\RootMC Workspace\Backup Towny 07122026 1528\plugins\Towny\data\plot-block-data\world\-57_-29_16.zip
D:\old\RootMC Workspace\Backup Towny 07122026 1528\plugins\Towny\data\plot-block-data\world\-57_-7_16.zip
D:\old\RootMC Workspace\Backup Towny 07122026 1528\plugins\Towny\data\plot-block-data\world\-57_-8_16.zip
D:\old\RootMC Workspace\Backup Towny 07122026 1528\plugins\Towny\data\plot-block-data\world\-57_-9_16.zip
D:\old\RootMC Workspace\Backup Towny 07122026 1528\plugins\Towny\data\plot-block-data\world\-58_-13_16.zip
D:\old\RootMC Workspace\Backup Towny 07122026 1528\plugins\Towny\data\plot-block-data\world\-58_-14_16.zip
D:\old\RootMC Workspace\Backup Towny 07122026 1528\plugins\Towny\data\plot-block-data\world\-58_-15_16.zip
D:\old\RootMC Workspace\Backup Towny 07122026 1528\plugins\Towny\data\plot-block-data\world\-58_-16_16.zip
D:\old\RootMC Workspace\Backup Towny 07122026 1528\plugins\Towny\data\plot-block-data\world\-58_-7_16.zip
D:\old\RootMC Workspace\Backup Towny 07122026 1528\plugins\Towny\data\plot-block-data\world\-58_-8_16.zip
D:\old\RootMC Workspace\Backup Towny 07122026 1528\plugins\Towny\data\plot-block-data\world\-58_-9_16.zip
D:\old\RootMC Workspace\Backup Towny 07122026 1528\plugins\Towny\data\plot-block-data\world\-59_-13_16.zip
D:\old\RootMC Workspace\Backup Towny 07122026 1528\plugins\Towny\data\plot-block-data\world\-59_-14_16.zip
D:\old\RootMC Workspace\Backup Towny 07122026 1528\plugins\Towny\data\plot-block-data\world\-59_-15_16.zip
D:\old\RootMC Workspace\Backup Towny 07122026 1528\plugins\Towny\data\plot-block-data\world\-59_-16_16.zip
D:\old\RootMC Workspace\Backup Towny 07122026 1528\plugins\Towny\data\plot-block-data\world\-60_-14_16.zip
D:\old\RootMC Workspace\Backup Towny 07122026 1528\plugins\Towny\data\plot-block-data\world\-60_-15_16.zip
D:\old\RootMC Workspace\Backup Towny 07122026 1528\plugins\Towny\data\plot-block-data\world\-60_-16_16.zip
D:\old\RootMC Workspace\Backup Towny 07122026 1528\plugins\Towny\data\plot-block-data\world\-61_-15_16.zip
D:\old\RootMC Workspace\Backup Towny 07122026 1528\plugins\Towny\data\plot-block-data\world\-61_-16_16.zip
D:\old\RootMC Workspace\Backup Towny 07122026 1528\plugins\Towny\data\plot-block-data\world\-61_-196_16.zip
D:\old\RootMC Workspace\Backup Towny 07122026 1528\plugins\Towny\data\plot-block-data\world\-93_-177_16.zip
D:\old\RootMC Workspace\Backup Towny 07122026 1528\plugins\Towny\data\plot-block-data\world\-93_-178_16.zip
D:\old\RootMC Workspace\Backup Towny 07122026 1528\plugins\Towny\data\plot-block-data\world\-93_-179_16.zip
D:\old\RootMC Workspace\Backup Towny 07122026 1528\plugins\Towny\data\plot-block-data\world\-93_-180_16.zip
D:\old\RootMC Workspace\Backup Towny 07122026 1528\plugins\Towny\data\plot-block-data\world\-94_-176_16.zip
D:\old\RootMC Workspace\Backup Towny 07122026 1528\plugins\Towny\data\plot-block-data\world\-94_-177_16.zip
D:\old\RootMC Workspace\Backup Towny 07122026 1528\plugins\Towny\data\plot-block-data\world\-94_-178_16.zip
D:\old\RootMC Workspace\Backup Towny 07122026 1528\plugins\Towny\data\plot-block-data\world\-94_-179_16.zip
D:\old\RootMC Workspace\Backup Towny 07122026 1528\plugins\Towny\data\plot-block-data\world\-94_-180_16.zip
D:\old\RootMC Workspace\Backup Towny 07122026 1528\plugins\Towny\data\plot-block-data\world\-95_-176_16.zip
D:\old\RootMC Workspace\Backup Towny 07122026 1528\plugins\Towny\data\plot-block-data\world\-95_-177_16.zip
D:\old\RootMC Workspace\Backup Towny 07122026 1528\plugins\Towny\data\plot-block-data\world\-95_-178_16.zip
D:\old\RootMC Workspace\Backup Towny 07122026 1528\plugins\Towny\data\plot-block-data\world\-95_-179_16.zip
D:\old\RootMC Workspace\Backup Towny 07122026 1528\plugins\Towny\data\plot-block-data\world\-95_-180_16.zip
D:\old\RootMC Workspace\Backup Towny 07122026 1528\plugins\Towny\data\plot-block-data\world\-96_-176_16.zip
D:\old\RootMC Workspace\Backup Towny 07122026 1528\plugins\Towny\data\plot-block-data\world\-96_-177_16.zip
D:\old\RootMC Workspace\Backup Towny 07122026 1528\plugins\Towny\data\plot-block-data\world\-96_-178_16.zip
D:\old\RootMC Workspace\Backup Towny 07122026 1528\plugins\Towny\data\plot-block-data\world\-96_-179_16.zip
D:\old\RootMC Workspace\Backup Towny 07122026 1528\plugins\Towny\data\plot-block-data\world\-96_-180_16.zip
D:\old\RootMC Workspace\Backup Towny 07122026 1528\plugins\Towny\data\plot-block-data\world\20_-26_16.zip
D:\old\RootMC Workspace\Backup Towny 07122026 1528\plugins\Towny\data\plot-block-data\world\21_11_16.zip
D:\old\RootMC Workspace\Backup Towny 07122026 1528\plugins\Towny\data\plot-block-data\world\41_-100_16.zip
D:\old\secrets\Solana-Wallets\build-guide\SolanaTools\base_library.zip
D:\old\secrets\Solana-Wallets\dist-guide\Solana Tools\_internal\base_library.zip
D:\old\Towny Server\bluemap\resourceExtensions.zip
D:\old\Towny Server\plugins\mcMMO\backup\2026-06-06 07-15-41.zip
D:\old\Towny Server\plugins\mcMMO\backup\2026-06-11 04-10-44.zip
D:\old\Towny Server\plugins\mcMMO\backup\2026-06-17 04-30-01.zip
D:\old\Towny Server\plugins\mcMMO\backup\2026-06-25 06-33-14.zip
D:\old\Towny Server\plugins\mcMMO\backup\2026-07-01 21-01-48.zip
D:\old\Towny Server\plugins\mcMMO\backup\2026-07-05 01-42-24.zip
D:\old\Towny Server\plugins\mcMMO\backup\2026-07-12 21-47-22.zip
D:\old\Towny Server\plugins\mcMMO\backup\2026-07-13 10-00-11.zip
D:\old\Towny Server\plugins\mcMMO\backup\2026-07-14 19-55-22.zip
D:\old\Towny Server\plugins\mcMMO\backup\2026-07-15 03-44-19.zip
D:\old\Towny Server\plugins\mcMMO\backup\2026-07-16 20-52-57.zip
D:\old\Towny Server\plugins\mcMMO\backup\2026-07-17 01-20-57.zip
D:\old\Towny Server\plugins\mcMMO\backup\2026-07-17 21-49-12.zip
D:\old\Towny Server\plugins\mcMMO\backup\2026-07-18 00-46-01.zip
D:\old\Towny Server\plugins\mcMMO\backup\2026-07-18 00-55-55.zip
D:\old\Towny Server\plugins\mcMMO\backup\2026-07-18 02-21-13.zip
D:\old\Towny Server\plugins\mcMMO\backup\2026-07-18 10-00-08.zip
D:\old\Towny Server\plugins\mcMMO\backup\2026-07-18 20-16-07.zip
D:\old\Towny Server\plugins\mcMMO\backup\2026-07-18 20-22-34.zip
D:\old\Towny Server\plugins\mcMMO\backup\2026-07-18 21-03-58.zip
D:\old\Towny Server\plugins\mcMMO\backup\2026-07-18 21-17-30.zip
D:\old\Towny Server\plugins\mcMMO\backup\2026-07-18 21-27-23.zip
D:\old\Towny Server\plugins\mcMMO\backup\2026-07-18 22-55-06.zip
D:\old\Towny Server\plugins\mcMMO\backup\2026-07-19 00-03-19.zip
D:\old\_archive\D-drive-preformat-20260708-selected\rootrecord-full-20260320-033723Z.zip
D:\SteamLibrary\steamapps\downloading\949230\Cities2_Data\Content\Game\.ModdingToolchain\UnityModsProject.zip
